GeoUID,Region Name,OfficialLanguage,AboriginalLanguages,NonAboriginalLanguages
59150550,Vancouver,290,0,295
59151142,Richmond,205,0,265
59150567,Vancouver,395,0,135
59150925,Vancouver,385,0,100
59151150,Richmond,195,0,225
59151971,Surrey,205,0,425
59150653,Vancouver,405,0,40
59150634,Vancouver,475,0,25
59151789,Maple Ridge,285,0,10
59151765,North Vancouver,485,0,65
59150041,West Vancouver,310,0,120
59152840,New Westminster,360,0,15
59152841,New Westminster,400,0,80
59152851,New Westminster,405,0,85
59152852,New Westminster,370,0,150
59152850,New Westminster,485,0,80
59150075,North Vancouver,350,0,45
59152854,New Westminster,450,0,180
59150393,Vancouver,260,0,270
59150372,Vancouver,445,0,215
59150447,Vancouver,230,0,255
59150521,Vancouver,290,0,250
59150363,Vancouver,395,0,55
59150737,Vancouver,365,0,75
59150557,Vancouver,285,0,275
59150744,Vancouver,375,0,60
59150647,Vancouver,500,0,50
59150758,Vancouver,205,0,280
59150745,Vancouver,465,0,90
59150924,Vancouver,450,0,130
59150872,Vancouver,405,0,5
59151051,Richmond,380,0,250
59151419,Vancouver,260,0,160
59151433,Vancouver,340,0,110
59151942,Surrey,260,0,255
59153152,Vancouver,570,0,215
59152679,Surrey,620,0,40
59153579,Vancouver,350,0,90
59152403,Langley,285,0,50
59152286,Surrey,710,0,590
59150184,North Vancouver,320,0,115
59152609,Surrey,490,0,70
59152021,Surrey,440,0,240
59153809,Vancouver,335,0,405
59153923,Surrey,445,0,275
59153581,Vancouver,350,0,90
59150474,Vancouver,235,0,305
59152080,Surrey,105,0,320
59153077,Vancouver,225,0,185
59153462,West Vancouver,x,x,x
59153521,Surrey,910,0,455
59151343,Burnaby,630,0,260
59150028,West Vancouver,375,0,55
59153908,Surrey,355,0,95
59150043,West Vancouver,425,0,80
59153891,Coquitlam,245,0,265
59150570,Vancouver,300,0,165
59151989,Surrey,225,0,105
59150703,Vancouver,285,0,140
59150714,Vancouver,215,0,20
59150227,North Vancouver,485,0,20
59150518,Vancouver,200,0,175
59150527,Vancouver,240,0,240
59150122,North Vancouver,385,0,100
59150291,Burnaby,315,0,155
59150956,Vancouver,355,0,195
59150982,Vancouver,345,0,90
59151002,Richmond,210,0,325
59150591,Vancouver,520,0,85
59150440,Vancouver,260,0,330
59152054,Surrey,985,0,350
59150442,Vancouver,250,0,310
59150475,Vancouver,320,0,290
59153214,Vancouver,505,0,55
59150097,North Vancouver,580,0,115
59153538,Delta,615,0,55
59150345,Vancouver,600,0,15
59151648,Coquitlam,330,0,200
59153065,Coquitlam,275,0,55
59150338,Vancouver,325,0,155
59150708,Vancouver,630,0,95
59150130,North Vancouver,555,0,135
59152344,Langley,575,0,60
59152861,New Westminster,610,0,15
59152458,Maple Ridge,435,0,25
59152836,New Westminster,470,0,55
59152856,New Westminster,245,0,80
59151584,Coquitlam,425,0,85
59152108,Delta,375,0,250
59153937,Surrey,290,0,185
59150083,North Vancouver,400,0,95
59150086,North Vancouver,560,0,115
59153483,Vancouver,505,0,190
59153061,Coquitlam,335,0,75
59153972,White Rock,315,0,30
59150558,Vancouver,450,0,95
59152121,Surrey,170,0,395
59151151,Richmond,230,0,385
59152234,Surrey,220,0,410
59152247,Surrey,350,0,120
59152208,Surrey,290,0,325
59152439,Maple Ridge,600,0,45
59152761,Delta,480,0,5
59150308,Vancouver,430,0,50
59150309,Vancouver,475,0,165
59151424,Vancouver,310,0,205
59151455,Vancouver,440,0,360
59151459,Vancouver,215,0,205
59151458,Vancouver,245,0,300
59151460,Vancouver,185,0,170
59152964,Surrey,395,0,185
59153709,Richmond,240,0,605
59153082,Vancouver,195,0,115
59151695,Port Coquitlam,615,0,50
59151697,Port Coquitlam,430,0,25
59153885,Coquitlam,230,0,50
59153090,Vancouver,290,0,365
59153750,Whonnock 1,x,x,x
59151446,Burnaby,380,0,220
59151533,Coquitlam,400,0,165
59153870,Langley,695,0,160
59153960,Port Moody,2945,0,815
59151639,Coquitlam,195,0,70
59153949,Richmond,840,0,1660
59153955,Vancouver,535,0,80
59153187,Vancouver,495,0,260
59151644,Coquitlam,145,0,130
59152660,Surrey,350,0,85
59152093,Surrey,25,0,140
59153307,Vancouver,190,0,170
59151677,Port Coquitlam,380,0,45
59152226,Surrey,270,0,190
59153259,Vancouver,470,0,45
59152210,Surrey,220,0,195
59152211,Surrey,120,0,175
59152194,Surrey,360,0,75
59150062,North Vancouver,405,0,495
59150706,Vancouver,220,0,35
59150496,Vancouver,365,0,180
59150723,Vancouver,340,0,90
59150386,Vancouver,350,0,150
59150387,Vancouver,235,5,180
59150734,Vancouver,545,0,150
59150747,Vancouver,295,0,25
59151171,Richmond,195,0,90
59151180,Richmond,235,0,200
59151205,Vancouver,85,0,130
59152416,Langley,250,0,15
59151323,Burnaby,205,0,250
59150966,Vancouver,265,0,220
59150994,Richmond,140,0,215
59151081,Richmond,240,0,185
59151200,Vancouver,155,0,245
59152385,Langley,545,0,185
59152813,Richmond,215,0,140
59151799,Maple Ridge,315,0,30
59151873,Surrey,335,0,95
59152231,Surrey,350,0,350
59152230,Surrey,180,0,220
59152625,White Rock,410,0,20
59152420,Langley,515,0,10
59153643,Burnaby,440,0,505
59153400,Vancouver,670,0,150
59153668,Vancouver,270,0,75
59152444,Maple Ridge,310,0,25
59153680,Vancouver,600,0,115
59153961,Port Moody,545,0,80
59153513,Maple Ridge,305,0,25
59153191,Vancouver,500,0,50
59153192,Vancouver,430,0,110
59153144,Vancouver,675,0,75
59153477,Vancouver,215,0,130
59153572,North Vancouver,975,0,100
59153172,Vancouver,685,0,80
59152636,Surrey,405,0,70
59151582,Coquitlam,490,0,90
59150191,North Vancouver,475,0,120
59150269,Burnaby,200,0,80
59150348,Vancouver,520,0,25
59153889,Coquitlam,280,0,185
59151574,Coquitlam,365,0,70
59151689,Port Coquitlam,570,0,170
59151904,Surrey,395,0,185
59152346,Langley,815,0,85
59153021,Port Coquitlam,385,0,55
59153023,Port Coquitlam,285,0,45
59153183,Vancouver,695,0,45
59151027,Richmond,220,0,275
59153988,Vancouver,950,0,160
59153007,Port Coquitlam,280,0,25
59152820,New Westminster,400,0,160
59151994,Surrey,340,0,230
59153816,Vancouver,280,0,90
59152207,Surrey,240,0,310
59151438,Vancouver,345,0,45
59150274,Burnaby,275,0,235
59150685,Vancouver,775,0,125
59153232,Vancouver,470,0,20
59152116,Delta,420,0,345
59153492,Vancouver,280,0,30
59151357,Vancouver,285,5,240
59151426,Vancouver,405,0,105
59152474,Maple Ridge,910,0,100
59151141,Richmond,705,0,1040
59153664,Bowen Island,260,0,5
59151264,Burnaby,260,0,245
59152459,Maple Ridge,415,0,20
59152308,Surrey,480,0,150
59153011,Port Coquitlam,275,0,50
59151907,Surrey,355,0,210
59152616,Surrey,545,0,95
59152662,Surrey,795,0,60
59151757,North Vancouver,375,0,70
59151670,Port Coquitlam,355,0,65
59152619,Surrey,370,0,25
59152206,Surrey,695,0,210
59150038,West Vancouver,335,0,65
59150343,Vancouver,385,0,35
59151061,Richmond,250,0,240
59153196,Vancouver,460,0,30
59153892,Coquitlam,165,0,290
59153425,Surrey,130,0,365
59152665,Surrey,465,0,65
59152670,Surrey,460,0,65
59151620,Port Moody,445,0,45
59153343,Richmond,130,0,70
59151952,Surrey,135,0,70
59152889,New Westminster,350,0,80
59151943,Surrey,330,0,145
59151640,Coquitlam,340,0,210
59152178,Surrey,260,0,310
59151423,Vancouver,355,0,410
59152179,Surrey,235,0,260
59153867,Langley,620,0,105
59151608,Coquitlam,275,0,40
59151418,Vancouver,310,0,215
59151634,Coquitlam,275,0,65
59151429,Vancouver,535,0,40
59150205,North Vancouver,495,0,70
59153991,Vancouver,925,0,160
59150203,North Vancouver,530,0,50
59150984,Vancouver,315,0,155
59150231,North Vancouver,230,0,30
59150285,Burnaby,335,0,150
59150312,Vancouver,310,0,185
59152000,Surrey,330,0,305
59151347,Burnaby,325,0,300
59150125,North Vancouver,365,0,105
59150483,Vancouver,190,0,230
59151684,Port Coquitlam,440,0,55
59152253,Surrey,550,0,320
59153941,Langley,320,0,10
59153460,Langley,920,0,40
59153494,Burnaby,195,0,415
59151910,Surrey,465,0,75
59153963,North Vancouver,400,0,55
59150029,West Vancouver,350,0,55
59150044,West Vancouver,245,0,205
59152446,Maple Ridge,435,0,10
59150493,Vancouver,345,0,90
59153685,Vancouver,450,0,45
59153282,Vancouver,205,0,355
59151796,Maple Ridge,495,0,15
59153373,Vancouver,875,0,165
59153640,Burnaby,235,0,225
59153642,Burnaby,330,0,205
59153876,Langley,515,0,95
59153140,Vancouver,690,0,60
59154022,Surrey,800,0,255
59153276,Vancouver,330,0,270
59150399,Vancouver,170,0,220
59150405,Vancouver,190,0,220
59150487,Vancouver,195,0,205
59150490,Vancouver,255,0,230
59151853,Surrey,700,0,415
59152309,Surrey,475,0,65
59151483,Vancouver,275,0,280
59151484,Vancouver,175,0,250
59151485,Vancouver,310,0,230
59153158,Vancouver,675,0,25
59151098,Richmond,380,0,110
59153160,Vancouver,635,0,70
59152280,Surrey,235,0,40
59151616,Port Moody,355,0,60
59151553,Coquitlam,400,0,155
59151558,Coquitlam,345,0,65
59153293,Vancouver,185,0,235
59150620,Vancouver,460,0,60
59150600,Vancouver,370,0,100
59151797,Maple Ridge,365,0,15
59152767,Delta,385,0,25
59151277,Burnaby,165,0,100
59150444,Vancouver,375,0,315
59151124,Richmond,355,0,270
59150555,Vancouver,370,0,250
59150556,Vancouver,500,0,290
59150565,Vancouver,390,0,115
59151146,Richmond,605,0,755
59151156,Richmond,250,0,180
59151145,Richmond,305,0,275
59150379,Vancouver,390,0,100
59153969,Maple Ridge,620,0,30
59153623,Richmond,260,0,240
59150289,Burnaby,325,0,135
59152927,Burnaby,230,0,200
59153193,Vancouver,635,0,25
59151675,Port Coquitlam,360,0,40
59153637,Burnaby,230,0,185
59151922,Surrey,395,0,310
59153638,Burnaby,230,0,210
59153052,Coquitlam,290,0,50
59153224,Vancouver,500,0,235
59152653,Surrey,430,0,75
59151787,Maple Ridge,470,0,50
59153209,Vancouver,420,0,55
59150516,Vancouver,185,0,215
59152155,Delta,440,0,235
59153122,Richmond,175,0,220
59151545,Coquitlam,570,0,200
59153334,West Vancouver,325,0,60
59153134,Vancouver,480,0,80
59150313,Vancouver,740,0,175
59151085,Richmond,395,0,255
59152656,Surrey,1070,0,120
59151526,Burnaby,340,0,120
59151088,Richmond,250,0,205
59151523,Coquitlam,285,0,185
59152905,Burnaby,300,0,215
59151934,Surrey,405,0,180
59150074,North Vancouver,540,0,115
59153326,Burnaby,395,0,100
59151529,Coquitlam,220,0,55
59151525,Coquitlam,665,0,410
59153560,Port Coquitlam,460,0,60
59151063,Richmond,205,0,255
59150510,Vancouver,210,0,200
59151527,Coquitlam,515,0,245
59151213,Vancouver,375,0,230
59151203,Vancouver,235,0,235
59151372,Vancouver,270,0,250
59152641,Surrey,660,0,90
59152806,Surrey,235,0,45
59150670,Vancouver,320,0,175
59152914,Burnaby,345,0,60
59151889,Surrey,565,0,200
59151956,Surrey,240,0,450
59150666,Vancouver,280,0,115
59152044,Surrey,355,0,415
59151785,Maple Ridge,515,0,30
59152040,Surrey,480,0,285
59150664,Vancouver,355,0,115
59150438,Vancouver,335,0,395
59151382,Burnaby,350,0,200
59150373,Vancouver,520,0,150
59151162,Richmond,220,0,135
59150159,North Vancouver,615,0,55
59151260,Burnaby,225,0,180
59150344,Vancouver,435,0,40
59150649,Vancouver,480,0,115
59150039,West Vancouver,300,0,65
59153620,Richmond,390,0,630
59152844,New Westminster,340,0,155
59152849,New Westminster,500,0,65
59151751,West Vancouver,250,0,125
59152661,Surrey,825,0,125
59153255,Vancouver,390,0,190
59153966,Maple Ridge,280,0,15
59153928,Surrey,1015,0,135
59153501,Coquitlam,730,0,430
59153316,Burnaby,335,0,150
59154021,Surrey,2850,0,415
59152029,Surrey,550,0,445
59153204,Vancouver,320,0,50
59151079,Richmond,235,0,150
59151342,Burnaby,160,0,195
59151080,Richmond,830,0,365
59152411,Langley,350,0,45
59152796,Surrey,285,0,40
59152134,Delta,310,0,125
59150341,Vancouver,335,0,135
59152894,Burnaby,290,0,150
59150439,Vancouver,195,0,260
59150441,Vancouver,270,0,295
59152443,Maple Ridge,455,0,40
59150350,Vancouver,460,5,55
59151537,Coquitlam,360,0,90
59153002,Port Coquitlam,945,0,325
59150278,Burnaby,445,0,270
59151122,Richmond,350,0,240
59152198,Surrey,350,0,250
59150559,Vancouver,315,0,115
59150099,North Vancouver,385,0,150
59152016,Surrey,285,0,170
59153104,Richmond,255,0,145
59150098,North Vancouver,375,0,65
59151539,Coquitlam,400,0,120
59151540,Coquitlam,355,0,150
59151541,Coquitlam,200,0,55
59153108,Richmond,355,0,525
59151547,Coquitlam,400,0,75
59151556,Coquitlam,345,0,115
59151554,Coquitlam,350,0,180
59151366,Vancouver,195,0,155
59151367,Vancouver,300,0,200
59151909,Surrey,345,0,105
59151368,Vancouver,265,0,245
59150101,North Vancouver,385,0,55
59151369,Vancouver,370,0,245
59152266,Delta,345,0,65
59151383,Burnaby,360,0,240
59150561,Vancouver,420,0,95
59151374,Burnaby,390,0,210
59151143,Richmond,345,0,485
59150616,Vancouver,545,0,30
59151388,Burnaby,300,0,145
59151031,Richmond,135,0,155
59151386,Burnaby,335,0,260
59151046,Richmond,155,0,180
59151127,Richmond,175,0,295
59150572,Vancouver,250,0,70
59151053,Richmond,210,0,435
59150571,Vancouver,385,0,165
59150824,Vancouver,355,0,35
59150419,Vancouver,265,0,125
59151352,Vancouver,230,0,115
59152596,White Rock,545,0,30
59150538,Vancouver,140,0,25
59152657,Surrey,490,0,105
59151528,Coquitlam,815,0,635
59151918,Surrey,395,0,130
59153087,Vancouver,275,0,365
59153856,Langley,335,0,40
59152519,Langley,320,0,50
59151441,Vancouver,215,0,275
59153381,Burnaby,2015,0,1665
59153421,Surrey,155,0,170
59153662,New Westminster,1555,0,895
59153609,Delta,890,0,75
59151489,Burnaby,505,0,170
59150782,Vancouver,360,0,75
59150088,North Vancouver,265,0,175
59152954,New Westminster,680,0,500
59150617,Vancouver,495,0,15
59153246,Vancouver,685,0,205
59150089,North Vancouver,445,0,115
59150090,North Vancouver,460,0,85
59153677,Vancouver,330,0,55
59151137,Richmond,285,0,675
59150626,Vancouver,520,0,35
59152015,Surrey,290,0,165
59151136,Richmond,170,0,545
59151138,Richmond,310,0,625
59153310,Burnaby,355,0,75
59151028,Richmond,250,0,160
59150652,Vancouver,580,0,95
59150651,Vancouver,330,0,35
59152594,White Rock,460,0,55
59150654,Vancouver,485,0,85
59153428,Delta,145,0,75
59153427,Delta,185,0,75
59151154,Richmond,190,0,115
59150573,Vancouver,480,0,845
59152595,White Rock,645,0,70
59151139,Richmond,285,0,435
59150371,Vancouver,335,0,155
59150927,Vancouver,480,0,140
59152221,Surrey,110,0,305
59153683,Vancouver,1005,0,270
59150823,Vancouver,390,0,55
59153067,Coquitlam,280,0,410
59150716,Vancouver,355,0,40
59151482,Vancouver,290,0,190
59151029,Richmond,170,0,210
59151304,Burnaby,340,0,340
59152511,Langley,390,0,10
59153319,Burnaby,310,0,140
59153320,Burnaby,345,0,175
59152922,New Westminster,285,0,35
59152923,New Westminster,335,0,65
59153321,Burnaby,195,0,185
59151586,Coquitlam,430,0,165
59153153,Vancouver,660,0,80
59153154,Vancouver,635,0,155
59153641,Burnaby,235,0,205
59153684,Vancouver,600,0,125
59150040,West Vancouver,375,0,15
59152702,Delta,355,0,20
59153571,North Vancouver,320,0,20
59151577,Coquitlam,240,0,85
59152664,Surrey,495,0,50
59151680,Port Coquitlam,365,0,115
59153258,Vancouver,520,0,65
59153313,Burnaby,460,0,145
59150375,Vancouver,280,0,160
59150446,Vancouver,210,0,270
59150568,Vancouver,380,0,165
59150569,Vancouver,485,0,290
59150276,Burnaby,250,0,155
59151125,Richmond,150,0,250
59150317,Burnaby,275,0,140
59150272,Burnaby,375,0,150
59152347,Langley,640,0,75
59150273,Burnaby,295,0,140
59150275,Burnaby,250,0,155
59152858,New Westminster,455,0,110
59153939,Langley,2010,0,230
59152873,New Westminster,495,0,55
59151430,Vancouver,320,0,80
59153302,Vancouver,170,0,295
59153182,Vancouver,290,0,105
59153569,Greater Vancouver A,110,0,5
59153370,Vancouver,745,0,75
59154026,Vancouver,15,0,0
59150618,Vancouver,595,0,45
59150619,Vancouver,515,0,55
59150621,Vancouver,425,0,20
59150622,Vancouver,430,0,25
59150046,West Vancouver,295,0,140
59150623,Vancouver,460,0,10
59150724,Vancouver,370,0,55
59150047,West Vancouver,295,0,110
59150068,North Vancouver,235,0,155
59150067,North Vancouver,325,0,45
59150525,Vancouver,295,0,180
59150597,Vancouver,635,0,70
59150739,Vancouver,280,0,115
59150599,Vancouver,535,0,75
59150601,Vancouver,625,0,65
59150598,Vancouver,560,0,20
59150602,Vancouver,375,0,30
59150604,Vancouver,535,0,50
59150603,Vancouver,390,0,20
59150606,Vancouver,635,0,70
59150605,Vancouver,430,0,25
59150725,Vancouver,415,0,65
59150726,Vancouver,405,0,60
59151282,Burnaby,325,0,255
59150740,Vancouver,365,0,70
59151299,Burnaby,450,0,450
59151290,Burnaby,370,0,390
59151324,Burnaby,185,0,175
59151300,Burnaby,175,0,215
59151326,Burnaby,210,0,230
59151325,Burnaby,140,0,85
59151328,Burnaby,335,0,395
59151327,Burnaby,170,0,190
59150607,Vancouver,745,0,45
59150048,West Vancouver,340,0,65
59150721,Vancouver,340,0,65
59150608,Vancouver,555,0,40
59151087,Richmond,240,0,170
59151089,Richmond,200,0,150
59150722,Vancouver,335,0,95
59151206,Vancouver,240,0,340
59150049,West Vancouver,350,0,115
59151204,Vancouver,235,0,320
59150140,North Vancouver,435,0,60
59150137,North Vancouver,440,0,70
59150526,Vancouver,270,0,225
59150528,Vancouver,325,0,170
59150897,Vancouver,430,0,150
59150727,Vancouver,385,0,70
59150277,Burnaby,275,0,125
59150728,Vancouver,330,0,60
59150279,Burnaby,475,0,220
59150280,Burnaby,270,0,70
59150281,Burnaby,275,0,155
59150282,Burnaby,310,0,215
59150283,Burnaby,245,0,135
59150284,Burnaby,340,0,175
59150286,Burnaby,480,0,205
59150287,Burnaby,365,0,155
59150288,Burnaby,420,0,165
59150709,Vancouver,1455,0,85
59150707,Vancouver,335,0,35
59150033,West Vancouver,360,0,85
59150710,Vancouver,500,0,80
59150034,West Vancouver,345,0,65
59150711,Vancouver,910,0,85
59150712,Vancouver,405,0,40
59150035,West Vancouver,435,0,365
59150036,West Vancouver,350,0,130
59150701,Vancouver,400,0,110
59150729,Vancouver,440,0,210
59150713,Vancouver,425,0,30
59150702,Vancouver,430,0,35
59150715,Vancouver,425,0,40
59150717,Vancouver,235,0,75
59150704,Vancouver,520,0,85
59150718,Vancouver,400,0,80
59150705,Vancouver,510,0,20
59150719,Vancouver,380,0,40
59150069,North Vancouver,390,0,130
59150070,North Vancouver,400,0,20
59150720,Vancouver,490,0,45
59150732,Vancouver,350,0,100
59150064,North Vancouver,290,0,90
59150733,Vancouver,405,0,115
59150741,Vancouver,400,0,55
59150742,Vancouver,470,0,100
59150743,Vancouver,370,0,145
59150746,Vancouver,415,0,60
59150735,Vancouver,385,0,160
59150748,Vancouver,395,0,90
59150736,Vancouver,465,0,170
59150749,Vancouver,430,0,55
59150738,Vancouver,385,0,80
59150158,North Vancouver,475,0,55
59150750,Vancouver,625,0,55
59150113,North Vancouver,630,0,145
59150730,Vancouver,315,0,115
59150114,North Vancouver,455,0,60
59150115,North Vancouver,355,0,25
59150117,North Vancouver,415,0,50
59150118,West Vancouver,525,0,95
59150119,North Vancouver,560,0,105
59150120,North Vancouver,535,0,115
59150121,North Vancouver,460,0,85
59150123,North Vancouver,615,0,165
59150124,North Vancouver,645,0,125
59150126,North Vancouver,585,0,90
59150127,North Vancouver,630,0,160
59150129,North Vancouver,415,0,70
59150380,Vancouver,380,0,140
59150131,North Vancouver,420,0,105
59150116,North Vancouver,415,0,20
59150141,North Vancouver,980,0,270
59150142,North Vancouver,450,0,85
59150132,North Vancouver,590,0,145
59150133,North Vancouver,355,0,55
59150134,North Vancouver,410,0,60
59150143,North Vancouver,410,0,75
59150135,North Vancouver,535,0,50
59150136,North Vancouver,385,0,70
59150145,North Vancouver,610,0,130
59150146,North Vancouver,350,0,160
59150731,Vancouver,490,0,110
59150147,North Vancouver,370,0,30
59150148,North Vancouver,445,0,70
59150152,North Vancouver,275,0,115
59150153,North Vancouver,615,0,80
59150157,North Vancouver,390,0,30
59150224,North Vancouver,1485,0,95
59150407,Vancouver,340,0,350
59150408,Vancouver,330,0,340
59150529,Vancouver,355,0,120
59150221,North Vancouver,980,0,85
59150222,North Vancouver,365,0,140
59150223,North Vancouver,350,0,70
59150226,North Vancouver,325,0,25
59150228,North Vancouver,1155,0,80
59150491,Vancouver,225,0,110
59150492,Vancouver,315,0,230
59150494,Vancouver,315,0,55
59150523,Vancouver,345,0,230
59150495,Vancouver,445,0,125
59150497,Vancouver,365,0,190
59150498,Vancouver,390,0,150
59150499,Vancouver,420,0,130
59150500,Vancouver,445,0,205
59150503,Vancouver,320,0,145
59150225,North Vancouver,390,0,40
59150237,North Vancouver,580,0,75
59150290,Burnaby,310,0,150
59150234,North Vancouver,545,0,90
59150238,North Vancouver,480,0,50
59150235,North Vancouver,830,0,90
59150239,North Vancouver,770,0,55
59150236,North Vancouver,650,0,60
59150240,North Vancouver,1465,0,110
59150241,North Vancouver,890,0,25
59150524,Vancouver,300,0,135
59150517,Vancouver,170,0,205
59150889,Vancouver,365,0,125
59150519,Vancouver,185,0,170
59150520,Vancouver,430,0,490
59150522,Vancouver,270,0,250
59150595,Vancouver,550,0,90
59150594,Vancouver,410,0,25
59150292,Burnaby,240,0,165
59150293,Burnaby,250,0,175
59150294,Burnaby,240,0,160
59150295,Burnaby,320,0,175
59150596,Vancouver,420,0,25
59150296,Burnaby,300,0,170
59150297,Burnaby,395,0,140
59150298,Burnaby,330,0,165
59150890,Vancouver,375,0,155
59150299,Burnaby,415,0,210
59150300,Burnaby,335,0,125
59150592,Vancouver,525,0,75
59150593,Vancouver,470,0,60
59150885,Vancouver,370,0,50
59150886,Vancouver,425,0,40
59150887,Vancouver,385,0,90
59150888,Vancouver,340,0,110
59150891,Vancouver,400,0,100
59150892,Vancouver,315,0,105
59150893,Vancouver,400,0,120
59150894,Vancouver,425,0,165
59150898,Vancouver,405,0,70
59150895,Vancouver,385,0,125
59150896,Vancouver,385,0,105
59150381,Vancouver,405,0,185
59150390,Vancouver,255,0,260
59150389,Vancouver,345,0,285
59150382,Vancouver,380,0,125
59150383,Vancouver,370,0,110
59150384,Vancouver,300,0,120
59150385,Vancouver,270,0,185
59150391,Vancouver,275,0,195
59150388,Vancouver,380,0,290
59150392,Vancouver,160,0,260
59150394,Vancouver,205,0,355
59150400,Vancouver,305,0,305
59150395,Vancouver,270,0,415
59150401,Vancouver,310,0,255
59150402,Vancouver,380,0,230
59150396,Vancouver,245,0,355
59150403,Vancouver,340,0,235
59150397,Vancouver,210,0,215
59150404,Vancouver,220,0,235
59150398,Vancouver,175,0,250
59150406,Vancouver,440,0,245
59150478,Vancouver,325,0,320
59150976,Vancouver,435,0,165
59150479,Vancouver,240,0,165
59150480,Vancouver,240,0,225
59150481,Vancouver,190,0,185
59150482,Vancouver,355,0,365
59150484,Vancouver,310,0,285
59150485,Vancouver,270,0,200
59150486,Vancouver,220,0,125
59150488,Vancouver,250,0,200
59150489,Vancouver,275,0,225
59151062,Richmond,210,0,205
59151064,Richmond,240,0,285
59151066,Richmond,190,0,180
59151065,Richmond,445,0,630
59151067,Richmond,220,0,190
59151068,Richmond,145,0,200
59150504,Vancouver,450,0,470
59150505,Vancouver,350,0,240
59151072,Richmond,260,0,210
59150506,Vancouver,205,0,145
59150507,Vancouver,270,0,170
59151073,Richmond,245,0,265
59150508,Vancouver,260,0,160
59150580,Vancouver,155,0,270
59151086,Richmond,180,0,110
59150509,Vancouver,300,0,115
59150511,Vancouver,195,0,125
59151090,Richmond,360,0,125
59150512,Vancouver,240,0,170
59150513,Vancouver,195,0,250
59151091,Richmond,680,0,125
59150514,Vancouver,215,0,340
59150515,Vancouver,170,0,175
59151092,Richmond,320,0,95
59151093,Richmond,500,0,120
59151094,Richmond,375,0,25
59150581,Vancouver,145,0,190
59150586,Vancouver,480,0,40
59151170,Richmond,280,0,215
59150582,Vancouver,270,0,280
59151281,Burnaby,245,0,230
59150584,Vancouver,525,0,70
59150585,Vancouver,390,0,70
59151172,Richmond,245,0,190
59150583,Vancouver,485,0,55
59150587,Vancouver,485,0,75
59150588,Vancouver,495,0,70
59150589,Vancouver,405,0,50
59150590,Vancouver,455,0,60
59151169,Richmond,450,0,310
59151173,Richmond,900,0,365
59151174,Richmond,330,0,310
59151175,Richmond,365,0,190
59150615,Vancouver,440,0,30
59151176,Richmond,130,0,100
59151179,Richmond,290,0,325
59151177,Richmond,330,0,260
59150693,Vancouver,340,0,60
59150609,Vancouver,430,0,50
59151178,Richmond,245,0,295
59150610,Vancouver,605,0,50
59150611,Vancouver,605,0,55
59151207,Vancouver,200,0,220
59150612,Vancouver,510,0,25
59150613,Vancouver,560,0,70
59151208,Vancouver,290,0,305
59150614,Vancouver,575,0,50
59151209,Vancouver,290,0,275
59151215,Vancouver,355,0,115
59151211,Vancouver,230,5,290
59151216,Vancouver,500,0,105
59151214,Vancouver,220,0,170
59150694,Vancouver,400,0,55
59150695,Vancouver,495,0,35
59150696,Vancouver,320,0,120
59151283,Burnaby,345,0,315
59150697,Vancouver,400,0,200
59150698,Vancouver,440,0,100
59151284,Burnaby,420,0,155
59150699,Vancouver,350,0,100
59151286,Burnaby,385,0,390
59150700,Vancouver,345,0,115
59151288,Burnaby,370,0,265
59151291,Burnaby,260,0,295
59151289,Burnaby,205,0,240
59151292,Burnaby,320,0,425
59150884,Vancouver,285,0,10
59150899,Vancouver,385,0,130
59151293,Burnaby,415,0,215
59150900,Vancouver,295,0,115
59150901,Vancouver,360,0,70
59151294,Burnaby,235,0,125
59150902,Vancouver,315,0,70
59151297,Burnaby,75,0,135
59150903,Vancouver,365,0,110
59151298,Burnaby,520,0,585
59151316,Burnaby,340,0,340
59150904,Vancouver,325,0,80
59151317,Burnaby,345,0,150
59150905,Vancouver,365,0,115
59151318,Burnaby,185,0,125
59150906,Vancouver,365,0,90
59150907,Vancouver,410,0,155
59151319,Burnaby,305,0,330
59151313,Burnaby,485,0,600
59151320,Burnaby,350,0,295
59151314,Burnaby,290,0,255
59151321,Burnaby,220,0,270
59151315,Burnaby,320,0,290
59151322,Burnaby,335,0,455
59151329,Burnaby,385,0,715
59150957,Vancouver,260,0,140
59151332,Burnaby,300,0,335
59151336,Burnaby,575,0,555
59150958,Vancouver,265,0,90
59150959,Vancouver,305,0,155
59150953,Vancouver,465,0,80
59150960,Vancouver,335,0,100
59150954,Vancouver,350,0,65
59150961,Vancouver,360,0,95
59150955,Vancouver,415,0,130
59150962,Vancouver,360,0,90
59150963,Vancouver,340,0,85
59150970,Vancouver,395,0,105
59150964,Vancouver,380,0,180
59150965,Vancouver,250,0,140
59150971,Vancouver,380,0,115
59150972,Vancouver,405,0,150
59150973,Vancouver,560,0,60
59150974,Vancouver,425,0,90
59150981,Vancouver,245,0,135
59151074,Richmond,885,0,435
59150967,Vancouver,365,0,175
59150977,Vancouver,645,0,115
59150968,Vancouver,305,0,180
59150978,Vancouver,315,0,75
59150969,Vancouver,370,0,175
59150050,West Vancouver,320,0,150
59150979,Vancouver,265,0,160
59150983,Vancouver,390,0,175
59150980,Vancouver,315,0,150
59150985,Vancouver,380,0,210
59150992,Richmond,170,0,305
59150986,Vancouver,255,0,215
59150993,Richmond,345,0,430
59150987,Vancouver,655,0,275
59150995,Richmond,570,0,1035
59150998,Richmond,310,0,420
59150996,Richmond,470,0,655
59150997,Richmond,95,0,230
59151076,Richmond,275,0,195
59150051,West Vancouver,325,0,120
59151075,Richmond,280,0,65
59151099,Richmond,380,0,85
59151097,Richmond,535,0,95
59151182,Richmond,325,0,220
59151077,Richmond,260,0,180
59151078,Richmond,260,0,220
59151082,Richmond,190,0,165
59151083,Richmond,170,0,240
59151084,Richmond,220,0,180
59151100,Richmond,250,0,125
59151106,Richmond,330,0,120
59151195,Richmond,525,0,440
59151101,Richmond,360,0,175
59151196,Richmond,230,0,215
59151102,Richmond,845,0,260
59151197,Richmond,670,0,550
59151103,Richmond,230,0,120
59151095,Richmond,425,0,105
59151104,Richmond,280,0,160
59151107,Richmond,565,0,310
59151105,Richmond,485,0,220
59151198,Vancouver,210,0,200
59151199,Vancouver,210,0,205
59151201,Vancouver,160,0,180
59151202,Vancouver,185,0,170
59151338,Burnaby,900,0,1295
59151302,Burnaby,410,0,1000
59151305,Burnaby,395,0,450
59151307,Burnaby,320,0,415
59151308,Burnaby,165,0,130
59151309,Burnaby,190,0,195
59151310,Burnaby,305,0,285
59151311,Burnaby,395,0,380
59151345,Burnaby,390,0,260
59151339,Burnaby,280,0,155
59151340,Burnaby,575,0,575
59151341,Burnaby,325,0,375
59150025,West Vancouver,535,0,50
59150027,West Vancouver,500,0,55
59150030,West Vancouver,390,0,105
59150031,West Vancouver,470,0,160
59150032,West Vancouver,330,0,45
59150975,Vancouver,600,0,60
59151346,Burnaby,265,0,215
59151348,Burnaby,305,5,165
59150045,West Vancouver,445,0,110
59150052,West Vancouver,280,0,70
59150053,West Vancouver,405,0,135
59150054,West Vancouver,365,0,160
59150055,West Vancouver,430,0,95
59150056,West Vancouver,370,0,130
59150059,West Vancouver,795,0,310
59150232,North Vancouver,640,0,55
59151312,Burnaby,205,0,185
59150233,Burrard Inlet 3,1635,0,155
59150219,North Vancouver,560,0,45
59150229,North Vancouver,380,0,30
59150230,North Vancouver,995,0,160
59152388,Langley,485,0,105
59150220,North Vancouver,490,0,105
59152706,Delta,345,0,40
59152983,Coquitlam,605,0,205
59152803,Surrey,235,0,95
59152984,Coquitlam,350,0,115
59152985,Coquitlam,360,0,130
59152305,Surrey,610,0,65
59152986,Coquitlam,330,0,80
59152306,Surrey,600,0,55
59152307,Surrey,420,0,50
59152312,Surrey,1235,0,145
59152313,Surrey,410,0,85
59152320,Surrey,620,0,40
59152321,Surrey,755,0,75
59152314,Surrey,430,0,65
59152315,Surrey,485,0,80
59153003,Port Coquitlam,880,0,180
59152316,Surrey,435,0,35
59153004,Coquitlam 2,x,x,x
59152317,Surrey,515,0,70
59152469,Maple Ridge,430,0,15
59152318,Surrey,535,0,70
59152327,Surrey,585,0,75
59152319,Surrey,600,0,30
59152328,Surrey,560,0,30
59152332,Surrey,565,0,95
59152333,Surrey,485,0,30
59152329,Surrey,300,0,15
59152334,Surrey,530,0,75
59152330,Surrey,550,0,65
59152335,Surrey,545,0,75
59152331,Surrey,570,0,95
59152735,Delta,455,0,20
59152736,Delta,455,0,20
59152322,Surrey,225,0,145
59152336,Surrey,530,0,20
59152337,Surrey,760,0,65
59152338,Surrey,400,0,30
59152710,Delta,445,0,25
59152383,Langley,290,0,30
59152711,Delta,685,0,60
59152384,Langley,395,0,50
59152712,Delta,395,0,40
59152386,Langley,470,0,35
59152382,Langley,685,0,30
59152387,Langley,390,0,20
59152389,Langley,1435,0,90
59152737,Delta,450,0,30
59152738,Delta,400,0,25
59152390,Langley,355,0,45
59152391,Langley,630,0,30
59152739,Delta,320,0,20
59152392,Langley,1565,0,205
59152409,Langley,405,0,25
59152393,Langley,435,0,75
59152410,Langley,480,0,35
59152406,Langley,3740,0,860
59152414,Langley,1595,0,155
59152415,Langley,355,0,40
59152407,Langley,525,0,70
59152408,Langley,340,0,20
59152417,Langley,610,0,40
59152418,Langley,1690,0,105
59152419,Langley,355,0,0
59152395,Langley,1245,0,115
59152394,Langley,775,0,80
59152802,Surrey,265,0,45
59152470,Maple Ridge,370,0,30
59152804,Surrey,790,0,210
59152471,Maple Ridge,335,0,20
59152466,Maple Ridge,585,0,30
59152472,Maple Ridge,435,0,40
59152467,Maple Ridge,415,0,5
59152468,Maple Ridge,415,0,15
59152477,Maple Ridge,690,0,35
59152832,New Westminster,1395,0,330
59152899,Burnaby,360,0,140
59152833,New Westminster,400,0,90
59152823,New Westminster,1955,0,670
59152834,New Westminster,425,0,165
59152900,Burnaby,230,0,130
59151393,Burnaby,240,0,100
59150082,North Vancouver,565,0,120
59152901,Burnaby,255,0,155
59152902,Burnaby,465,0,210
59152903,Burnaby,340,0,205
59152987,Coquitlam,1090,0,460
59150820,Vancouver,450,0,50
59150763,Vancouver,255,5,65
59152992,Port Coquitlam,510,0,165
59152988,Port Coquitlam,765,0,170
59152993,Port Coquitlam,400,0,150
59152989,Port Coquitlam,1075,0,150
59152994,Port Coquitlam,335,0,95
59152990,Port Coquitlam,665,0,175
59152995,Coquitlam,2345,0,2735
59152991,Port Coquitlam,480,0,140
59152998,Port Coquitlam,1165,0,210
59152999,Port Coquitlam,615,0,70
59153000,Port Coquitlam,645,0,120
59153018,Port Coquitlam,510,0,30
59153005,Port Coquitlam,1280,0,395
59153006,Port Coquitlam,605,0,60
59153008,Port Coquitlam,560,0,70
59153010,Port Coquitlam,690,0,150
59153013,Port Coquitlam,350,0,55
59153019,Port Coquitlam,515,0,30
59153014,Port Coquitlam,620,0,75
59153020,Port Coquitlam,395,0,30
59153016,Port Coquitlam,310,0,5
59150364,Vancouver,405,0,65
59153017,Port Coquitlam,420,0,30
59151857,Surrey,195,0,100
59152714,Delta,345,0,30
59153480,Vancouver,385,0,190
59151945,Surrey,325,0,210
59151948,Surrey,265,0,85
59151949,Surrey,1160,0,650
59151950,Surrey,530,0,330
59151951,Surrey,1225,0,375
59152713,Delta,460,0,40
59152715,Delta,390,0,35
59152716,Delta,675,0,10
59153001,Port Coquitlam,405,0,130
59152717,Delta,240,0,20
59152721,Delta,425,0,35
59152718,Delta,650,0,40
59152722,Delta,740,0,40
59152719,Delta,750,0,50
59152723,Delta,455,0,15
59152720,Delta,385,0,40
59152724,Delta,380,0,10
59152726,Delta,505,0,30
59152725,Delta,670,0,40
59151979,Surrey,350,0,230
59151980,Surrey,160,0,75
59152730,Delta,675,0,45
59152740,Delta,475,0,40
59152731,Delta,380,0,30
59152741,Delta,435,0,20
59151974,Surrey,950,0,215
59152742,Delta,525,0,15
59151975,Surrey,580,0,165
59151978,Surrey,305,0,235
59152746,Delta,860,0,20
59152743,Delta,360,0,10
59152747,Delta,335,0,20
59152744,Delta,540,0,45
59152748,Delta,370,0,40
59152745,Delta,300,0,30
59150777,Vancouver,835,0,290
59152749,Delta,565,0,55
59152787,Maple Ridge,355,0,35
59152750,Delta,520,0,20
59150779,Vancouver,800,0,135
59152786,Maple Ridge,390,0,15
59152782,Langley,570,0,30
59152783,Langley,285,0,10
59152784,Langley,395,0,10
59152781,Langley,620,0,25
59152785,Langley,615,0,20
59150791,Vancouver,460,0,95
59152793,Surrey,1260,0,460
59152734,Delta,530,0,15
59151728,Coquitlam,340,0,120
59152805,Surrey,520,0,285
59152809,Surrey,725,0,795
59152795,Surrey,385,0,100
59152810,Surrey,490,0,865
59152732,Delta,360,0,25
59152812,Richmond,1135,0,670
59152733,Delta,460,0,20
59152073,Surrey,305,0,455
59152814,Richmond,500,0,290
59152816,Richmond,620,0,340
59152821,New Westminster,235,0,130
59152817,Richmond,530,0,180
59151772,North Vancouver,475,0,55
59152819,New Westminster,960,0,510
59150084,North Vancouver,680,0,210
59151938,Surrey,465,0,350
59152799,Surrey,215,0,95
59152887,New Westminster,840,0,120
59152800,Surrey,385,0,125
59152888,New Westminster,215,0,25
59152801,Surrey,380,0,130
59152890,Burnaby,335,0,210
59151771,North Vancouver,435,0,130
59152891,Burnaby,450,0,280
59152892,Burnaby,350,0,225
59152898,Burnaby,635,0,270
59152893,Burnaby,370,0,180
59152895,Burnaby,705,0,420
59151845,Surrey,1005,0,485
59152896,Burnaby,405,0,180
59152822,New Westminster,325,0,295
59152897,Burnaby,635,0,355
59151784,Maple Ridge,380,0,40
59151783,Maple Ridge,485,0,30
59152904,Burnaby,275,0,130
59152906,Burnaby,415,0,295
59152909,Burnaby,295,0,145
59152907,Burnaby,315,0,120
59152910,Burnaby,295,0,165
59152908,Burnaby,310,0,155
59152911,Burnaby,550,0,175
59152912,Burnaby,245,0,125
59152913,Burnaby,405,0,250
59150085,North Vancouver,535,0,265
59151883,Surrey,520,0,280
59151884,Surrey,215,0,150
59151885,Surrey,265,0,230
59151886,Surrey,405,0,190
59152035,Surrey,350,0,235
59151847,Surrey,290,0,165
59151848,Surrey,505,0,245
59150821,Vancouver,420,0,40
59151849,Surrey,275,0,130
59151846,Surrey,370,0,190
59150087,North Vancouver,340,0,100
59151850,Surrey,365,0,110
59151851,Surrey,395,0,190
59151852,Surrey,285,0,130
59150822,Vancouver,360,0,65
59151926,Surrey,390,0,210
59151931,Surrey,950,0,430
59151927,Surrey,225,0,180
59151932,Surrey,750,0,240
59151929,Surrey,755,0,245
59151933,Surrey,740,0,265
59151939,Surrey,330,0,170
59151935,Surrey,325,0,170
59151936,Surrey,655,0,340
59151940,Surrey,310,0,70
59151937,Surrey,295,0,185
59151941,Surrey,290,0,100
59153481,Vancouver,495,0,245
59151887,Surrey,530,0,360
59151965,Surrey,235,0,440
59151888,Surrey,380,0,210
59151955,Surrey,165,0,255
59151960,Surrey,320,0,405
59151957,Surrey,100,0,175
59151958,Surrey,180,0,425
59151961,Surrey,365,0,700
59151959,Surrey,120,0,240
59151962,Surrey,420,0,420
59151968,Surrey,160,0,435
59151963,Surrey,205,0,345
59151964,Surrey,200,0,485
59150878,Vancouver,520,0,10
59151944,Surrey,555,0,445
59151969,Surrey,460,0,405
59151970,Surrey,145,0,360
59151972,Surrey,100,0,320
59151973,Surrey,200,0,370
59152564,Langley,480,0,25
59151858,Surrey,475,0,320
59152569,Langley,460,0,5
59152544,Maple Ridge,630,0,40
59151860,Surrey,455,0,345
59151715,Coquitlam,450,0,470
59151716,Coquitlam,410,0,210
59151719,Coquitlam,1010,0,670
59151720,Coquitlam,570,0,380
59151721,Coquitlam,580,0,470
59151717,Coquitlam,445,0,135
59151723,Coquitlam,260,0,125
59151724,Coquitlam,290,0,205
59151718,Coquitlam,200,0,165
59151726,Coquitlam,365,0,105
59152566,Langley,530,0,15
59151733,North Vancouver,930,0,120
59152059,Surrey,270,0,205
59151734,North Vancouver,735,0,165
59152567,Langley,475,0,10
59151737,North Vancouver,355,0,60
59152568,Langley,295,0,5
59153085,Vancouver,185,0,230
59151738,North Vancouver,280,0,55
59151735,North Vancouver,705,0,120
59152057,Surrey,600,0,650
59151736,North Vancouver,290,0,50
59152033,Surrey,450,0,340
59153482,Vancouver,400,0,170
59152034,Surrey,470,0,285
59152032,Surrey,260,0,165
59151800,Maple Ridge,595,0,40
59151774,Pitt Meadows,255,0,30
59151727,Coquitlam,475,0,110
59150461,Vancouver,145,0,165
59151779,Maple Ridge,510,0,40
59151775,Pitt Meadows,925,0,115
59151776,Maple Ridge,725,0,75
59151780,Maple Ridge,390,0,75
59151777,Maple Ridge,515,0,30
59152058,Surrey,100,0,175
59151778,Maple Ridge,540,0,40
59151801,Maple Ridge,600,0,55
59151791,Maple Ridge,780,0,25
59152060,Surrey,370,0,325
59152061,Surrey,275,0,240
59151792,Maple Ridge,320,0,15
59151793,Maple Ridge,845,0,55
59151786,Maple Ridge,685,0,50
59151794,Maple Ridge,370,0,40
59151788,Maple Ridge,260,0,5
59151795,Maple Ridge,430,0,25
59151790,Maple Ridge,430,0,30
59151798,Maple Ridge,410,0,5
59151802,Maple Ridge,580,0,25
59152229,Surrey,275,0,425
59151803,Maple Ridge,360,0,15
59151804,Maple Ridge,430,0,20
59151805,Maple Ridge,790,0,35
59150879,Vancouver,500,0,35
59152156,Delta,345,0,150
59152130,Delta,345,0,60
59152131,Delta,295,0,90
59151781,Maple Ridge,905,0,140
59152132,Delta,425,0,105
59151782,Maple Ridge,350,0,15
59152133,Delta,305,0,85
59151861,Surrey,1115,0,970
59151854,Surrey,410,0,215
59151862,Surrey,395,0,125
59151855,Surrey,265,0,190
59151865,Surrey,300,0,345
59151874,Surrey,520,0,105
59151866,Surrey,425,0,245
59151880,Surrey,805,0,560
59151871,Surrey,370,0,230
59151881,Surrey,225,0,70
59151872,Surrey,355,0,145
59151882,Surrey,285,0,200
59152232,Surrey,300,0,260
59152227,Surrey,400,0,175
59152157,Delta,175,0,105
59152228,Surrey,305,0,305
59152158,Delta,780,0,245
59150880,Vancouver,540,0,30
59152233,Surrey,245,0,425
59150462,Vancouver,165,0,215
59152235,Surrey,235,0,365
59152236,Surrey,155,0,325
59152546,Maple Ridge,2630,0,235
59152547,Maple Ridge,815,0,55
59152560,Langley,560,0,10
59152548,Maple Ridge,630,0,35
59152561,Langley,415,0,15
59152559,Langley,460,0,15
59152562,Langley,495,0,40
59152570,Langley,455,0,10
59152571,Langley,330,0,10
59152572,Surrey,345,0,25
59152573,Surrey,285,0,25
59152642,Surrey,285,0,80
59152574,Surrey,215,0,10
59152145,Delta,515,0,165
59152575,Surrey,445,0,30
59152576,Surrey,490,0,40
59152050,Surrey,245,0,335
59152577,Surrey,2780,0,215
59150472,Vancouver,190,0,220
59152051,Surrey,205,0,330
59152563,Langley,385,0,15
59152146,Delta,325,0,220
59152041,Surrey,285,0,290
59152037,Surrey,285,0,170
59152622,White Rock,450,0,65
59152042,Surrey,595,0,555
59152623,White Rock,445,0,25
59152043,Surrey,130,0,80
59152624,White Rock,680,0,60
59152046,Surrey,190,0,230
59152626,White Rock,440,0,15
59152047,Surrey,380,0,355
59152036,Surrey,390,0,335
59152048,Surrey,210,0,365
59152052,Surrey,580,0,730
59152049,Surrey,380,0,275
59152053,Surrey,665,0,370
59152645,Surrey,375,0,205
59152643,Surrey,435,0,205
59152644,Surrey,505,0,130
59152062,Surrey,260,0,230
59152065,Surrey,505,0,380
59152066,Surrey,355,0,200
59152067,Surrey,330,0,495
59152068,Surrey,230,0,320
59152069,Surrey,260,0,315
59152070,Surrey,170,0,195
59152071,Surrey,370,0,580
59152072,Surrey,345,0,860
59152063,Surrey,590,0,485
59152064,Surrey,1275,0,1180
59152074,Surrey,320,0,455
59152055,Surrey,95,0,170
59152075,Surrey,135,0,525
59152076,Surrey,115,0,370
59152077,Surrey,75,0,295
59152078,Surrey,380,0,1240
59152056,Surrey,105,0,175
59152079,Surrey,185,0,500
59150761,Vancouver,260,0,5
59152302,Surrey,845,0,110
59152303,Surrey,615,0,110
59152300,Surrey,415,0,45
59152304,Surrey,500,0,10
59152137,Delta,430,0,40
59152138,Delta,440,0,50
59152139,Delta,425,0,95
59152140,Delta,405,0,50
59152144,Delta,265,0,175
59152147,Delta,435,0,115
59152148,Delta,280,0,20
59152149,Delta,495,0,40
59152150,Delta,325,0,50
59152151,Delta,325,0,100
59152159,Delta,315,0,185
59152135,Delta,460,0,165
59152323,Surrey,570,0,65
59152136,Delta,435,0,165
59152324,Surrey,435,0,50
59152143,Delta,250,0,195
59152325,Surrey,495,0,45
59152160,Delta,200,0,85
59152326,Surrey,600,0,70
59152163,Delta,245,0,240
59152164,Delta,300,0,110
59152165,Delta,400,0,205
59152166,Delta,605,0,195
59152167,Delta,290,0,135
59152173,Surrey,145,0,410
59152169,Delta,285,0,200
59152170,Delta,220,0,60
59152174,Surrey,490,0,610
59152171,Surrey,205,0,305
59152175,Surrey,625,0,350
59152172,Surrey,230,0,310
59152176,Surrey,580,0,500
59152177,Surrey,285,0,450
59150681,Vancouver,385,0,45
59150365,Vancouver,285,0,50
59152396,Langley,595,0,50
59152244,Surrey,195,0,545
59152152,Delta,425,0,135
59152153,Delta,380,0,160
59152154,Delta,320,0,220
59152377,Langley,1485,0,60
59150780,Vancouver,1865,0,340
59152239,Surrey,150,0,405
59152240,Surrey,260,0,570
59152241,Surrey,150,0,355
59152242,Surrey,260,0,320
59152243,Surrey,285,0,275
59152245,Surrey,170,0,375
59152380,Langley,320,0,35
59152246,Surrey,295,0,190
59152381,Langley,550,0,40
59152237,Surrey,285,0,420
59152248,Surrey,355,0,95
59152238,Surrey,290,0,385
59152249,Surrey,380,0,140
59150784,Vancouver,400,0,130
59152250,Surrey,245,0,145
59152397,Langley,540,0,40
59150792,Vancouver,670,0,135
59150793,Vancouver,770,0,155
59152398,Langley,300,0,25
59152399,Langley,440,0,30
59152460,Maple Ridge,580,0,40
59152461,Maple Ridge,430,0,30
59152462,Maple Ridge,705,0,30
59152465,Maple Ridge,330,0,5
59152627,White Rock,430,0,5
59152463,Maple Ridge,620,0,40
59152464,Maple Ridge,545,0,60
59152628,White Rock,310,0,40
59152631,Surrey,x,x,x
59152629,White Rock,655,0,40
59152632,Surrey,540,0,50
59152630,White Rock,495,0,25
59152633,Surrey,435,0,70
59152635,Surrey,400,0,30
59152634,Surrey,405,0,50
59150795,Vancouver,695,0,135
59152637,Surrey,545,0,25
59152638,Surrey,405,0,35
59152640,Surrey,375,0,30
59150816,Vancouver,275,0,35
59152646,Surrey,1030,0,160
59150785,Vancouver,1470,0,305
59152647,Surrey,325,0,155
59152648,Surrey,280,0,90
59152652,Surrey,980,0,190
59152654,Surrey,385,0,75
59152649,Surrey,1970,0,375
59152655,Surrey,280,0,45
59152650,Surrey,1580,0,225
59150787,Vancouver,355,0,105
59152651,Surrey,720,0,60
59150786,Vancouver,430,0,105
59150817,Vancouver,450,0,20
59150354,Vancouver,480,0,40
59150788,Vancouver,525,0,165
59150355,Vancouver,450,0,45
59150357,Vancouver,815,0,65
59150358,Vancouver,505,0,30
59150356,Vancouver,435,0,35
59150359,Vancouver,365,0,75
59150360,Vancouver,490,0,80
59150351,Vancouver,390,0,10
59150352,Vancouver,505,0,220
59150353,Vancouver,425,0,45
59150366,Vancouver,490,0,110
59150367,Vancouver,985,5,200
59150368,Vancouver,270,0,185
59150369,Vancouver,310,0,175
59150790,Vancouver,925,0,210
59150361,Vancouver,445,0,50
59150362,Vancouver,300,0,95
59150819,Vancouver,340,0,55
59150093,North Vancouver,410,0,180
59150762,Vancouver,485,0,220
59150094,North Vancouver,520,0,130
59150095,North Vancouver,365,0,75
59150091,North Vancouver,480,0,135
59150756,Vancouver,115,0,80
59150757,Vancouver,855,0,230
59150759,Vancouver,135,0,210
59150760,Vancouver,410,0,40
59150112,North Vancouver,610,0,65
59150832,Vancouver,585,0,150
59150092,North Vancouver,330,0,95
59150850,Vancouver,1400,0,680
59150837,Vancouver,400,0,30
59150859,Vancouver,395,0,20
59150840,Vancouver,335,0,70
59150861,Vancouver,545,0,40
59150841,Vancouver,215,0,240
59150863,Vancouver,525,0,45
59150845,Vancouver,575,0,75
59150864,Vancouver,440,0,40
59150846,Vancouver,675,0,70
59150865,Vancouver,580,0,75
59150866,Vancouver,470,0,55
59150881,Vancouver,555,0,25
59150871,Vancouver,485,0,50
59150754,Vancouver,350,0,95
59150873,Vancouver,480,0,20
59150882,Vancouver,645,0,35
59150874,Vancouver,535,0,40
59150883,Vancouver,430,0,25
59150875,Vancouver,505,0,10
59150204,North Vancouver,680,0,70
59150876,Vancouver,545,0,25
59150755,Vancouver,415,0,315
59150877,Vancouver,330,0,20
59150175,North Vancouver,370,0,35
59150176,North Vancouver,505,0,65
59150177,North Vancouver,290,0,25
59150174,North Vancouver,375,0,30
59150473,Vancouver,280,0,280
59150178,North Vancouver,640,0,70
59150179,North Vancouver,305,0,80
59150180,North Vancouver,485,0,35
59150181,North Vancouver,405,0,50
59150435,Vancouver,255,0,265
59150566,Vancouver,380,0,130
59150182,North Vancouver,630,0,90
59150183,North Vancouver,655,0,80
59150185,North Vancouver,650,0,75
59150186,North Vancouver,460,0,125
59150187,North Vancouver,770,0,165
59150436,Vancouver,360,0,340
59150188,North Vancouver,325,0,115
59150434,Vancouver,230,0,205
59150437,Vancouver,625,0,505
59150206,North Vancouver,515,0,35
59150207,North Vancouver,465,0,35
59150208,North Vancouver,530,0,50
59150209,North Vancouver,605,0,55
59151147,Richmond,400,0,550
59150210,North Vancouver,630,0,60
59150463,Vancouver,210,0,245
59150211,North Vancouver,565,0,25
59150212,North Vancouver,315,0,45
59150213,North Vancouver,500,0,65
59150214,North Vancouver,265,0,50
59150465,Vancouver,210,0,225
59150466,Vancouver,175,0,240
59150476,Vancouver,545,0,275
59150468,Vancouver,225,0,275
59150477,Vancouver,275,0,255
59150264,Burnaby,165,0,125
59150469,Vancouver,255,0,335
59150265,Burnaby,300,0,115
59150470,Vancouver,225,0,255
59150471,Vancouver,305,0,255
59150252,North Vancouver,710,0,70
59150542,Vancouver,240,0,180
59151148,Richmond,575,0,560
59150549,Vancouver,220,0,200
59150246,North Vancouver,440,0,30
59150249,North Vancouver,460,0,45
59150250,North Vancouver,450,0,15
59150251,North Vancouver,395,0,20
59150543,Vancouver,285,0,170
59150544,Vancouver,390,0,325
59150545,Vancouver,345,0,220
59150546,Vancouver,325,0,270
59150547,Vancouver,245,0,215
59150548,Vancouver,225,0,140
59150551,Vancouver,225,0,200
59150552,Vancouver,235,0,155
59150553,Vancouver,300,0,225
59150554,Vancouver,275,0,185
59150266,Burnaby,820,0,455
59150680,Vancouver,620,0,30
59150245,North Vancouver,515,0,15
59150577,Vancouver,650,0,135
59150267,Burnaby,725,0,260
59150268,Burnaby,385,0,140
59150270,Burnaby,185,0,70
59150578,Vancouver,235,0,205
59150271,Burnaby,315,0,135
59150575,Vancouver,440,0,230
59150579,Vancouver,195,0,180
59150370,Vancouver,830,5,380
59150377,Vancouver,405,0,70
59150378,Vancouver,635,0,175
59150376,Vancouver,330,0,105
59150675,Vancouver,560,0,65
59150676,Vancouver,485,0,45
59150682,Vancouver,640,0,75
59150683,Vancouver,490,0,65
59150677,Vancouver,450,0,45
59150684,Vancouver,660,0,70
59150678,Vancouver,530,0,40
59150686,Vancouver,285,0,15
59150679,Vancouver,365,0,30
59150687,Vancouver,365,0,65
59150690,Vancouver,495,0,45
59150688,Vancouver,450,0,65
59150689,Vancouver,380,0,50
59150752,Vancouver,235,0,60
59150691,Vancouver,385,0,85
59150692,Vancouver,545,0,55
59150753,Vancouver,205,0,55
59150908,Vancouver,345,0,125
59150751,Vancouver,520,0,170
59150909,Vancouver,430,0,65
59150914,Vancouver,350,0,115
59150910,Vancouver,365,0,85
59150915,Vancouver,320,0,120
59150911,Vancouver,420,0,95
59150916,Vancouver,335,0,90
59150912,Vancouver,345,0,125
59150917,Vancouver,325,0,140
59150913,Vancouver,385,0,95
59150918,Vancouver,380,0,65
59150920,Vancouver,390,0,115
59150919,Vancouver,350,0,90
59150922,Vancouver,415,0,60
59150932,Vancouver,340,0,75
59150923,Vancouver,450,0,130
59150933,Vancouver,360,0,75
59150926,Vancouver,535,0,145
59150934,Vancouver,280,0,90
59150827,Vancouver,380,0,50
59150935,Vancouver,345,0,70
59150410,Vancouver,300,0,220
59150828,Vancouver,605,0,55
59150936,Greater Vancouver A,420,0,110
59150831,Vancouver,510,0,85
59150937,Greater Vancouver A,260,0,215
59150940,Greater Vancouver A,F,F,F
59150938,Greater Vancouver A,200,0,90
59150939,Greater Vancouver A,625,0,490
59150412,Vancouver,265,0,160
59150941,Greater Vancouver A,x,x,x
59150946,Greater Vancouver A,F,F,F
59150947,Greater Vancouver A,630,0,495
59150942,Greater Vancouver A,120,0,130
59150414,Vancouver,245,0,290
59150415,Vancouver,460,0,305
59150945,Greater Vancouver A,295,0,100
59151149,Richmond,520,0,860
59150417,Vancouver,310,0,130
59150416,Vancouver,355,0,220
59150539,Vancouver,295,0,150
59150420,Vancouver,290,0,225
59150409,Vancouver,225,0,190
59150448,Vancouver,315,0,220
59150421,Vancouver,305,0,280
59150422,Vancouver,640,0,190
59150423,Vancouver,225,0,205
59150424,Vancouver,715,0,110
59150425,Vancouver,245,0,125
59150449,Vancouver,300,0,265
59150426,Vancouver,285,0,135
59150427,Vancouver,325,0,220
59150428,Vancouver,245,0,195
59150429,Vancouver,305,0,210
59150430,Vancouver,305,0,195
59150431,Vancouver,335,0,210
59150450,Vancouver,305,0,200
59150432,Vancouver,515,0,290
59150433,Vancouver,285,0,180
59150451,Vancouver,230,0,230
59150452,Vancouver,215,0,160
59151008,Richmond,315,0,275
59150453,Vancouver,255,0,310
59150530,Vancouver,375,0,135
59150454,Vancouver,275,0,330
59150443,Vancouver,325,0,295
59151037,Richmond,315,0,185
59150445,Vancouver,245,0,320
59151038,Richmond,190,0,255
59150455,Vancouver,335,0,380
59150457,Vancouver,320,0,320
59150459,Vancouver,210,0,180
59151039,Richmond,405,0,570
59150460,Vancouver,180,0,225
59151040,Richmond,265,0,270
59151035,Richmond,135,0,85
59151036,Richmond,190,0,115
59151041,Richmond,485,0,185
59151042,Richmond,550,0,475
59151043,Richmond,255,0,295
59150562,Vancouver,330,0,185
59150540,Vancouver,355,0,175
59150533,Vancouver,370,0,185
59150537,Vancouver,420,0,115
59150531,Vancouver,455,0,205
59150532,Vancouver,375,0,180
59150534,Vancouver,325,0,160
59150535,Vancouver,410,0,155
59150536,Vancouver,250,0,115
59150563,Vancouver,490,0,135
59150541,Vancouver,315,0,315
59151108,Richmond,580,0,200
59151112,Richmond,280,0,145
59151117,Richmond,375,0,90
59151113,Richmond,585,0,115
59151116,Richmond,580,0,170
59150564,Vancouver,410,0,165
59151118,Richmond,540,0,105
59151152,Richmond,285,0,345
59151153,Richmond,305,0,325
59151121,Richmond,315,0,95
59151155,Richmond,555,0,185
59151123,Richmond,225,0,280
59151157,Richmond,200,0,275
59150560,Vancouver,385,0,145
59151349,Burnaby,185,0,150
59153219,Vancouver,335,0,115
59151350,Burnaby,335,0,260
59153220,Vancouver,285,0,105
59150928,Vancouver,360,0,75
59150930,Vancouver,335,0,85
59150931,Vancouver,390,0,75
59151351,Vancouver,405,0,280
59151353,Vancouver,220,0,160
59150929,Vancouver,355,0,65
59151359,Vancouver,320,0,200
59151354,Vancouver,210,0,215
59151355,Vancouver,340,0,240
59151356,Vancouver,515,0,490
59151360,Vancouver,195,0,285
59151358,Vancouver,220,0,205
59151361,Vancouver,260,0,245
59151362,Vancouver,245,0,280
59151045,Richmond,280,0,435
59151363,Vancouver,285,0,295
59150948,Greater Vancouver A,350,0,305
59150952,Musqueam 2,670,0,0
59151364,Vancouver,295,0,355
59151375,Burnaby,350,0,155
59151365,Vancouver,260,0,230
59151376,Burnaby,460,0,230
59151378,Burnaby,255,0,65
59151377,Burnaby,290,0,135
59151379,Burnaby,175,0,90
59151385,Burnaby,370,0,270
59151387,Burnaby,395,0,265
59151389,Burnaby,280,0,275
59151390,Burnaby,425,0,135
59151049,Richmond,335,0,310
59151380,Burnaby,320,0,185
59151391,Burnaby,475,0,60
59151381,Burnaby,415,0,170
59151384,Burnaby,245,0,140
59151048,Richmond,225,0,375
59151017,Richmond,145,0,280
59151018,Richmond,180,0,255
59151019,Richmond,150,0,260
59151016,Richmond,210,0,485
59151013,Richmond,435,0,615
59151020,Richmond,300,0,265
59151014,Richmond,145,0,225
59151022,Richmond,240,0,295
59151015,Richmond,160,0,235
59151023,Richmond,190,0,335
59151024,Richmond,235,0,270
59151025,Richmond,270,0,280
59151030,Richmond,685,0,605
59151026,Richmond,530,0,525
59151032,Richmond,170,0,175
59151050,Richmond,565,0,845
59151033,Richmond,200,0,180
59151057,Richmond,730,0,600
59151034,Richmond,260,0,200
59151126,Richmond,140,0,210
59151058,Richmond,515,0,965
59151059,Richmond,140,0,220
59151044,Richmond,130,0,220
59151130,Richmond,125,0,240
59151131,Richmond,225,0,330
59151128,Richmond,65,0,180
59151129,Richmond,430,0,370
59151133,Richmond,265,0,465
59151134,Richmond,285,0,410
59151135,Richmond,550,0,915
59151132,Richmond,205,0,300
59151158,Richmond,150,0,230
59151159,Richmond,230,0,150
59151160,Richmond,355,0,350
59151161,Richmond,370,0,165
59151163,Richmond,445,0,175
59151164,Richmond,460,0,265
59151166,Richmond,240,0,75
59151165,Richmond,215,0,135
59151167,Richmond,440,0,265
59150100,North Vancouver,500,0,100
59151168,Richmond,265,0,140
59150165,North Vancouver,445,0,45
59151371,Vancouver,330,0,235
59150102,North Vancouver,315,0,40
59151373,Vancouver,400,0,230
59150167,North Vancouver,445,0,20
59151370,Vancouver,335,0,355
59150166,North Vancouver,255,0,20
59150071,North Vancouver,420,0,30
59150072,North Vancouver,710,0,260
59150073,North Vancouver,635,0,265
59150199,North Vancouver,430,0,65
59150242,North Vancouver,680,0,40
59150198,North Vancouver,530,0,80
59151392,Burnaby,545,0,15
59150077,North Vancouver,305,0,65
59150243,North Vancouver,840,0,35
59150078,North Vancouver,450,0,140
59150079,North Vancouver,440,0,100
59150080,North Vancouver,220,0,70
59150081,North Vancouver,510,0,90
59150096,North Vancouver,415,0,120
59150076,North Vancouver,400,0,75
59150103,North Vancouver,565,0,80
59150104,North Vancouver,440,0,85
59150105,North Vancouver,290,0,40
59150110,North Vancouver,450,0,70
59150106,North Vancouver,770,0,70
59150107,North Vancouver,390,0,50
59150108,North Vancouver,255,0,55
59150109,North Vancouver,515,0,60
59150111,North Vancouver,435,0,75
59153105,Richmond,180,0,200
59150161,North Vancouver,585,0,45
59150162,North Vancouver,375,0,30
59150163,North Vancouver,565,0,45
59150164,North Vancouver,495,0,50
59150160,North Vancouver,585,0,95
59150200,North Vancouver,460,0,115
59150201,North Vancouver,510,0,100
59150202,North Vancouver,620,0,90
59153582,Vancouver,910,5,35
59150189,North Vancouver,350,0,180
59150190,North Vancouver,450,0,100
59150192,North Vancouver,815,0,120
59150193,North Vancouver,430,0,70
59150194,North Vancouver,405,0,75
59150195,North Vancouver,590,0,55
59150196,North Vancouver,415,0,80
59150197,North Vancouver,445,0,130
59153135,Vancouver,740,0,65
59150263,Burnaby,310,0,150
59153615,Delta,450,0,20
59150244,North Vancouver,845,0,65
59150253,Burnaby,480,0,200
59150254,Burnaby,350,0,90
59150255,Burnaby,295,0,170
59150260,Burnaby,370,0,195
59150261,Burnaby,220,0,165
59150262,Burnaby,175,0,135
59150656,Vancouver,370,0,55
59153500,Vancouver,240,0,115
59150659,Vancouver,410,0,135
59150335,Vancouver,325,0,225
59150336,Vancouver,370,0,200
59151227,Vancouver,290,0,255
59150657,Vancouver,345,0,130
59150660,Vancouver,315,0,140
59150339,Vancouver,425,0,165
59150658,Vancouver,565,0,90
59150347,Vancouver,505,5,30
59150340,Vancouver,360,0,175
59150342,Vancouver,345,0,85
59150346,Vancouver,375,0,30
59150349,Vancouver,380,0,25
59150337,Vancouver,335,0,90
59150661,Vancouver,320,0,185
59150655,Vancouver,410,0,60
59150662,Vancouver,270,0,130
59150674,Vancouver,405,0,65
59151255,Burnaby,320,0,400
59153898,Surrey,420,0,325
59151256,Burnaby,175,0,225
59151257,Burnaby,355,0,255
59153899,Surrey,305,0,435
59153900,Surrey,1355,0,450
59153901,Surrey,1090,0,180
59153902,Surrey,875,0,145
59153903,Surrey,615,0,45
59153904,Surrey,1210,0,300
59151258,Burnaby,435,0,325
59153906,Surrey,340,0,240
59153907,Surrey,275,0,175
59151261,Burnaby,275,0,245
59153913,Surrey,335,0,380
59151259,Burnaby,330,0,310
59151234,Vancouver,250,0,30
59153909,Surrey,650,0,390
59153910,Surrey,420,0,310
59153911,Surrey,365,0,500
59153912,Surrey,380,0,405
59153914,Surrey,220,0,50
59153905,Surrey,370,0,270
59153915,Surrey,630,0,500
59153916,Surrey,720,0,405
59151665,Coquitlam,325,0,80
59150650,Vancouver,430,0,30
59150667,Vancouver,220,0,185
59150645,Vancouver,395,0,50
59150646,Vancouver,540,0,30
59151228,Vancouver,330,0,195
59150648,Vancouver,195,0,20
59151229,Vancouver,435,0,350
59151230,Vancouver,275,0,75
59151231,Vancouver,230,0,65
59151236,Vancouver,755,0,270
59151232,Burnaby,490,0,80
59151237,Burnaby,465,0,115
59150668,Vancouver,335,0,130
59150663,Vancouver,285,0,145
59150669,Vancouver,210,0,100
59150665,Vancouver,335,0,110
59150671,Vancouver,230,0,95
59150672,Vancouver,395,0,205
59151262,Burnaby,325,0,205
59150673,Vancouver,340,0,90
59151263,Burnaby,200,0,230
59153897,Surrey,350,0,425
59151265,Burnaby,260,0,190
59151266,Burnaby,270,0,155
59152845,New Westminster,345,0,75
59151993,Surrey,160,0,225
59151273,Burnaby,335,0,280
59152846,New Westminster,520,0,155
59152848,New Westminster,745,0,155
59151274,Burnaby,250,0,150
59151243,Burnaby,325,0,175
59152853,New Westminster,755,0,200
59151238,Burnaby,365,0,120
59151239,Burnaby,280,0,155
59151244,Burnaby,380,0,270
59152855,New Westminster,275,0,85
59150627,Vancouver,475,0,30
59151252,Burnaby,700,0,785
59151240,Burnaby,385,0,165
59151241,Burnaby,410,0,250
59151253,Burnaby,395,0,265
59151242,Burnaby,445,0,150
59151254,Burnaby,690,0,650
59151275,Burnaby,350,0,165
59153394,Vancouver,1175,0,85
59151272,Burnaby,360,0,300
59151267,Burnaby,490,0,305
59151268,Burnaby,360,0,155
59151269,Burnaby,400,0,235
59151270,Burnaby,375,0,215
59151276,Burnaby,325,0,180
59151271,Burnaby,350,0,275
59151278,Burnaby,335,0,235
59151279,Burnaby,265,0,260
59151280,Burnaby,210,0,180
59151543,Coquitlam,420,0,235
59153402,North Vancouver,440,0,495
59151544,Coquitlam,315,0,95
59150017,West Vancouver,255,0,40
59150628,Vancouver,605,0,50
59150018,West Vancouver,475,0,55
59153403,Langley,845,0,85
59153391,Delta,805,0,325
59150629,Vancouver,505,0,15
59150639,Vancouver,460,0,40
59150638,Vancouver,620,0,20
59153397,North Vancouver,2005,0,475
59153406,West Vancouver,500,0,100
59153398,Richmond,515,0,830
59153401,Surrey,1195,0,55
59153407,West Vancouver,340,0,135
59153408,Richmond,285,0,915
59153409,Richmond,115,0,315
59153644,Burnaby,720,0,770
59153410,Richmond,365,0,1135
59153411,Richmond,250,0,490
59153412,Richmond,185,0,340
59150328,Vancouver,295,0,210
59152776,Delta,510,0,60
59152367,Langley,490,0,5
59153650,Burnaby,250,0,160
59153649,Burnaby,315,0,320
59150326,Burnaby,460,0,170
59150037,West Vancouver,260,0,160
59150327,Burnaby,355,0,125
59150042,West Vancouver,310,0,50
59150325,Burnaby,335,0,145
59150329,Vancouver,490,0,385
59150330,Vancouver,260,0,210
59150331,Vancouver,385,0,315
59150332,Vancouver,385,0,245
59150333,Vancouver,260,0,235
59150334,Vancouver,280,0,190
59153645,Burnaby,1270,0,1165
59152704,Delta,780,0,25
59153648,Burnaby,370,0,460
59152705,Delta,420,0,20
59151709,Coquitlam,2080,0,770
59150019,West Vancouver,510,0,75
59150020,West Vancouver,255,0,120
59153646,Burnaby,265,0,165
59150021,West Vancouver,255,0,20
59150022,West Vancouver,235,0,45
59150023,West Vancouver,460,0,80
59153647,Burnaby,220,0,150
59153136,Vancouver,855,0,95
59150024,West Vancouver,320,0,15
59152004,Surrey,380,5,175
59151713,Coquitlam,165,0,160
59153653,Burnaby,835,0,835
59153654,Burnaby,485,0,630
59153651,Burnaby,250,0,180
59153655,Burnaby,1195,0,750
59153652,Burnaby,335,0,165
59152366,Langley,545,0,10
59153656,Burnaby,390,0,105
59153657,New Westminster,2405,0,305
59153658,New Westminster,645,0,140
59152005,Surrey,275,0,250
59153659,New Westminster,570,0,180
59153896,Surrey,520,0,360
59150314,Burnaby,295,0,150
59150315,Burnaby,245,0,170
59150316,Burnaby,400,0,75
59150318,Burnaby,340,0,175
59150319,Burnaby,290,0,170
59153137,Vancouver,580,0,50
59152681,Surrey,550,0,220
59153022,Port Coquitlam,450,0,130
59153024,Port Coquitlam,355,0,115
59153025,Port Coquitlam,565,0,65
59152350,Langley,700,0,30
59152342,Langley,260,0,20
59152343,Langley,800,0,50
59152345,Langley,845,0,75
59152348,Langley,380,0,15
59152351,Langley,540,0,20
59152703,Delta,490,0,55
59152352,Langley,560,0,15
59152353,Langley,360,0,15
59152355,Langley,425,0,30
59152354,Langley,475,0,5
59152356,Langley,495,0,5
59151714,Coquitlam,1970,0,1765
59152362,Langley,460,0,10
59152700,Delta,480,0,40
59152363,Langley,450,0,10
59152701,Delta,410,0,35
59152364,Langley,405,0,10
59153138,Vancouver,500,0,55
59152365,Langley,525,0,5
59152368,Langley,440,0,10
59152372,Langley,745,0,35
59152369,Langley,930,0,45
59152370,Langley,1015,0,20
59150324,Burnaby,305,0,200
59152371,Langley,265,0,5
59153139,Vancouver,455,0,35
59150624,Vancouver,500,0,25
59150320,Burnaby,470,0,220
59150321,Burnaby,290,0,190
59150322,Burnaby,230,0,125
59150323,Burnaby,435,0,125
59150630,Vancouver,1095,0,75
59150631,Vancouver,935,0,160
59150632,Vancouver,1085,0,125
59150625,Vancouver,550,0,40
59150633,Vancouver,600,0,80
59150635,Vancouver,510,0,35
59150636,Vancouver,555,0,40
59150637,Vancouver,420,0,50
59152425,Langley,805,0,115
59152426,Langley,535,0,65
59152751,Delta,965,0,40
59152428,Langley,1250,0,385
59152752,Delta,730,0,35
59152431,Langley,720,0,15
59152756,Delta,650,0,50
59152432,Langley,1050,0,45
59152757,Delta,255,0,20
59152433,Katzie 2,40,0,0
59152434,Langley,575,0,35
59152777,Langley,505,0,10
59152778,Langley,650,0,5
59152779,Langley,455,0,5
59152435,Maple Ridge,765,0,55
59152780,Langley,420,0,10
59152373,Langley,330,0,5
59152445,Maple Ridge,635,0,45
59152374,Langley,590,0,25
59152448,Maple Ridge,430,0,20
59152375,Langley,560,0,15
59152449,Maple Ridge,385,0,25
59152450,Maple Ridge,710,0,25
59152454,Maple Ridge,595,0,50
59152451,Maple Ridge,550,0,45
59152452,Maple Ridge,255,0,10
59152453,Maple Ridge,560,0,50
59152455,Maple Ridge,990,0,45
59153141,Vancouver,680,0,35
59152866,New Westminster,400,0,30
59152860,New Westminster,735,0,220
59152862,New Westminster,430,0,35
59152863,New Westminster,430,0,35
59152456,Maple Ridge,1475,0,115
59152885,New Westminster,555,0,70
59152886,New Westminster,440,0,125
59152880,Burnaby,275,0,75
59152881,Burnaby,280,0,145
59152882,Burnaby,295,0,105
59152883,Burnaby,410,0,70
59152973,Coquitlam,575,0,180
59152884,Burnaby,525,0,135
59152967,Surrey,420,0,150
59152974,Coquitlam,360,0,150
59152968,Surrey,305,0,345
59152975,Coquitlam,280,0,65
59152969,Surrey,330,0,255
59152976,Coquitlam,400,0,130
59152972,Coquitlam,345,0,75
59152978,Coquitlam,460,0,45
59153034,Surrey,410,0,225
59153033,Surrey,700,0,325
59152011,Surrey,340,0,240
59153027,Port Coquitlam,605,0,95
59153026,Port Coquitlam,355,0,25
59153035,Surrey,370,0,215
59153028,Port Coquitlam,370,0,60
59153036,Surrey,520,0,305
59153030,Coquitlam 1,55,0,0
59152982,Coquitlam,390,0,65
59153032,Port Coquitlam,340,0,90
59151921,Surrey,610,0,315
59152981,Coquitlam,360,0,35
59153038,Port Coquitlam,795,0,240
59151923,Surrey,470,0,190
59152979,Coquitlam,375,0,50
59151924,Surrey,390,0,155
59152980,Coquitlam,255,0,40
59151925,Surrey,400,0,270
59151652,Coquitlam,745,0,455
59150642,Vancouver,590,0,40
59152758,Delta,775,0,90
59150640,Vancouver,420,0,25
59150643,Vancouver,555,0,45
59150644,Vancouver,540,0,65
59150641,Vancouver,640,0,35
59152759,Delta,360,0,10
59153039,Port Coquitlam,620,0,310
59152006,Surrey,610,0,265
59152762,Delta,485,0,15
59152763,Delta,610,0,15
59152007,Surrey,230,0,155
59152008,Surrey,465,0,155
59152764,Delta,640,0,0
59152009,Surrey,225,0,75
59152765,Delta,755,0,25
59152760,Delta,380,0,5
59152775,Delta,735,0,80
59152766,Delta,325,0,10
59151750,West Vancouver,280,0,180
59152768,Delta,400,0,40
59152839,New Westminster,460,0,60
59152774,Delta,535,0,30
59151739,West Vancouver,425,0,165
59152869,New Westminster,475,0,25
59152842,New Westminster,630,0,165
59151741,West Vancouver,325,0,165
59152843,New Westminster,370,0,80
59152835,New Westminster,395,0,95
59151752,West Vancouver,240,0,230
59152837,New Westminster,490,0,85
59152867,New Westminster,340,0,55
59152838,New Westminster,610,0,65
59152868,New Westminster,395,0,30
59152870,New Westminster,350,0,35
59152871,New Westminster,340,0,35
59152878,New Westminster,505,0,100
59152872,New Westminster,525,0,95
59152879,New Westminster,515,0,80
59152874,New Westminster,605,0,105
59152857,New Westminster,365,0,50
59152875,New Westminster,355,0,80
59152876,New Westminster,865,0,135
59152877,New Westminster,355,0,80
59152859,New Westminster,615,0,65
59151807,Maple Ridge,255,0,15
59151808,Maple Ridge,425,0,15
59152012,Surrey,390,0,250
59151806,Maple Ridge,205,0,5
59152013,Surrey,270,0,135
59151828,Pitt Meadows,490,0,60
59151829,Pitt Meadows,595,0,60
59151830,Pitt Meadows,530,0,40
59152084,Delta,170,0,85
59151987,Surrey,185,0,120
59151988,Surrey,310,0,270
59151986,Surrey,595,0,570
59151990,Surrey,455,0,340
59151991,Surrey,325,0,200
59151992,Surrey,345,0,435
59151995,Surrey,240,0,415
59152014,Surrey,715,0,600
59151997,Surrey,235,0,300
59151998,Surrey,190,0,125
59152017,Surrey,230,0,135
59151999,Surrey,205,0,270
59152289,Surrey,600,0,200
59152001,Surrey,435,0,325
59152003,Surrey,390,0,145
59152290,Delta,330,0,30
59152018,Surrey,620,0,195
59152019,Surrey,265,0,180
59152010,Surrey,230,0,90
59152022,Surrey,725,0,320
59152026,Surrey,975,0,570
59152027,Surrey,230,0,135
59152024,Surrey,505,0,120
59152025,Surrey,845,0,600
59151220,Vancouver,260,0,180
59151219,Vancouver,270,0,105
59152578,Surrey,555,0,40
59151217,Vancouver,350,0,35
59152579,Semiahmoo,115,0,5
59151742,West Vancouver,190,0,160
59151745,West Vancouver,210,0,150
59151743,West Vancouver,230,0,170
59151744,West Vancouver,205,0,155
59151746,West Vancouver,240,0,125
59151747,West Vancouver,365,0,135
59151748,West Vancouver,305,0,180
59151816,Pitt Meadows,635,0,60
59151749,West Vancouver,205,0,120
59152028,Surrey,965,0,495
59152081,Surrey,185,0,540
59152030,Surrey,425,0,300
59151766,North Vancouver,680,0,155
59152602,Surrey,430,0,155
59151753,West Vancouver,195,0,215
59151756,North Vancouver,330,0,45
59152603,Surrey,515,0,115
59151758,North Vancouver,375,0,40
59152604,Surrey,495,0,120
59151759,North Vancouver,410,0,45
59151760,North Vancouver,490,0,40
59151221,Vancouver,390,0,215
59151761,North Vancouver,440,0,40
59151762,North Vancouver,365,0,40
59151763,North Vancouver,385,0,40
59151222,Vancouver,275,0,255
59151764,North Vancouver,635,0,55
59151223,Vancouver,275,0,260
59151224,Vancouver,370,0,285
59151832,Pitt Meadows,220,0,10
59151225,Vancouver,230,0,270
59151226,Vancouver,285,0,315
59151809,Maple Ridge,1025,0,50
59151810,Pitt Meadows,1325,0,100
59151811,Pitt Meadows,465,0,30
59152082,Surrey,1050,0,550
59151817,Pitt Meadows,685,0,50
59152083,Delta,315,0,135
59151818,Pitt Meadows,265,0,10
59151819,Pitt Meadows,830,0,120
59151824,Pitt Meadows,495,0,45
59151820,Pitt Meadows,465,0,70
59151825,Pitt Meadows,240,0,0
59151821,Pitt Meadows,685,0,40
59151827,Pitt Meadows,1405,0,220
59151822,Pitt Meadows,350,0,10
59152180,Surrey,190,0,235
59152109,Delta,540,0,325
59152181,Surrey,290,0,250
59151767,North Vancouver,515,0,40
59152110,Delta,170,0,135
59152111,Delta,220,0,235
59151768,North Vancouver,510,0,80
59152112,Delta,915,0,255
59151769,North Vancouver,390,0,50
59151770,North Vancouver,315,0,35
59151831,Pitt Meadows,1890,0,135
59152106,Surrey,830,0,340
59151833,Katzie 1,260,0,0
59152107,Surrey,630,0,390
59151838,Surrey,605,0,235
59152184,Surrey,470,0,215
59151839,Surrey,240,0,50
59152185,Surrey,545,0,220
59151840,Surrey,490,0,245
59151841,Surrey,450,0,220
59151842,Surrey,435,0,355
59151843,Surrey,425,0,260
59152200,Surrey,320,0,255
59151844,Surrey,385,0,140
59152199,Surrey,390,0,185
59150010,West Vancouver,760,0,50
59152201,Surrey,1275,0,670
59152584,White Rock,455,0,30
59150012,West Vancouver,375,0,110
59152182,Surrey,200,0,250
59152223,Surrey,230,0,265
59152183,Surrey,285,0,255
59152203,Surrey,305,0,155
59152202,Surrey,705,0,345
59152204,Surrey,520,0,200
59152291,Surrey,880,0,240
59150004,West Vancouver,325,0,40
59152205,Surrey,450,0,250
59150005,West Vancouver,465,0,20
59152292,Surrey,405,0,140
59152580,Surrey,680,0,35
59152294,Surrey,690,0,275
59150006,West Vancouver,390,0,35
59150007,West Vancouver,500,0,35
59152581,White Rock,495,0,15
59152582,White Rock,530,0,40
59152585,White Rock,440,0,50
59152586,White Rock,320,0,55
59152583,White Rock,575,0,35
59152587,White Rock,325,0,45
59152597,White Rock,430,0,55
59152588,White Rock,565,0,30
59152598,White Rock,510,0,65
59152589,White Rock,415,0,35
59152599,Surrey,285,0,100
59152590,White Rock,655,0,75
59152600,Surrey,340,0,90
59152601,Surrey,400,0,55
59152591,White Rock,735,0,30
59152592,White Rock,770,0,65
59152523,Langley,895,0,60
59152593,White Rock,510,0,40
59152524,Langley,1010,0,100
59152295,Surrey,1055,0,830
59152605,White Rock,555,0,80
59152296,Surrey,3195,0,1955
59152297,Surrey,1320,0,590
59152606,White Rock,435,0,85
59152299,Surrey,640,0,120
59152607,Surrey,390,0,60
59152520,Langley,525,0,50
59152608,White Rock,460,0,45
59152611,Surrey,250,0,25
59152610,Surrey,470,0,80
59152612,Surrey,210,0,90
59152615,Surrey,610,0,40
59152613,Surrey,390,0,75
59152097,Surrey,140,0,255
59152614,Surrey,465,0,60
59152090,Delta,285,0,245
59152658,Surrey,810,0,245
59152659,Surrey,310,0,135
59152091,Delta,695,5,490
59152086,Delta,380,0,210
59152092,Surrey,690,0,760
59152087,Delta,240,0,175
59152094,Surrey,155,0,510
59152088,Delta,220,0,220
59152095,Surrey,185,0,395
59152089,Delta,310,0,215
59152096,Surrey,265,0,325
59152100,Surrey,90,0,350
59152339,Surrey,450,0,45
59152101,Surrey,330,0,570
59152617,Surrey,355,0,20
59152102,Surrey,330,0,545
59152104,Surrey,160,0,380
59152618,Surrey,435,0,25
59152105,Surrey,440,0,160
59152620,Surrey,440,0,25
59152621,Surrey,490,0,110
59152682,Surrey,390,0,60
59152118,Delta,520,0,190
59152683,Surrey,295,0,80
59152113,Delta,425,0,330
59152119,Surrey,265,0,240
59152114,Delta,370,0,300
59152120,Surrey,550,0,280
59152115,Delta,240,0,235
59152122,Delta,355,0,285
59152117,Delta,380,0,305
59152123,Delta,395,0,135
59152125,Delta,465,0,315
59152124,Delta,715,0,335
59152126,Delta,435,0,55
59150301,Burnaby,375,0,115
59152127,Delta,370,0,30
59150311,Vancouver,320,0,165
59150303,Burnaby,465,0,75
59150304,Burnaby,445,0,30
59150305,Burnaby,355,0,45
59150306,Burnaby,390,0,25
59150307,Vancouver,545,0,70
59150013,West Vancouver,285,0,60
59150302,Burnaby,425,0,60
59150310,Vancouver,375,0,135
59152341,Langley,655,0,60
59152340,Surrey,1165,0,535
59152186,Surrey,785,0,180
59152187,Surrey,310,0,115
59152188,Surrey,375,0,245
59152190,Surrey,275,0,170
59152189,Surrey,480,0,250
59152191,Surrey,260,0,230
59152421,Langley,485,0,15
59152192,Surrey,470,0,115
59152193,Surrey,435,0,280
59152195,Surrey,385,0,75
59152128,Delta,505,0,125
59152196,Surrey,515,0,270
59152197,Surrey,305,0,260
59152129,Delta,465,0,65
59152357,Langley,260,0,0
59152220,Surrey,210,0,300
59152358,Langley,800,0,30
59152209,Surrey,435,0,395
59152212,Surrey,185,0,265
59152213,Surrey,455,0,415
59152214,Surrey,195,0,450
59152217,Surrey,570,0,320
59152218,Surrey,170,0,295
59152219,Surrey,175,0,325
59152224,Surrey,270,0,385
59152359,Langley,805,0,20
59152225,Surrey,305,0,430
59152360,Langley,410,0,20
59152422,Langley,410,0,30
59152361,Langley,385,0,20
59152222,Surrey,140,0,300
59150015,West Vancouver,380,0,95
59150016,West Vancouver,295,0,105
59152423,Langley,605,0,30
59150014,West Vancouver,735,0,280
59152424,Langley,995,0,25
59152441,Maple Ridge,390,0,35
59152666,Surrey,295,0,30
59152436,Maple Ridge,520,0,40
59152437,Maple Ridge,585,0,35
59152442,Maple Ridge,650,0,55
59152440,Maple Ridge,380,0,65
59152531,Langley,825,0,25
59150008,West Vancouver,545,0,40
59152537,Maple Ridge,645,0,80
59152538,Maple Ridge,2165,0,170
59152539,Maple Ridge,875,0,55
59152540,Maple Ridge,340,0,0
59150009,West Vancouver,365,0,30
59152698,Delta,430,0,45
59153323,Burnaby,330,5,75
59153322,Burnaby,245,0,110
59152667,Surrey,890,0,25
59152668,Surrey,495,0,40
59152669,Surrey,915,0,30
59152663,Surrey,845,0,70
59152671,White Rock,495,0,40
59152672,Surrey,420,0,30
59152675,Surrey,455,0,35
59152673,White Rock,420,0,40
59152676,Surrey,610,0,30
59152674,Surrey,580,0,35
59152677,White Rock,485,0,50
59152542,Maple Ridge,410,0,40
59152541,Maple Ridge,335,0,15
59152543,Maple Ridge,285,0,15
59152699,Delta,445,0,40
59152684,Surrey,430,0,55
59152965,Surrey,355,0,210
59152685,Surrey,395,0,40
59152966,Surrey,390,0,145
59152687,Surrey,685,0,295
59152689,Surrey,630,0,200
59152690,Surrey,260,0,130
59152692,Surrey,290,0,140
59152695,Delta,435,0,45
59152696,Delta,535,0,100
59152697,Delta,440,0,45
59153328,North Vancouver,355,0,130
59153327,North Vancouver,595,0,305
59152941,Vancouver,900,0,635
59153707,Richmond,305,0,460
59152942,Vancouver,740,0,285
59153708,Richmond,305,0,570
59152943,Vancouver,295,0,215
59152945,Vancouver,715,0,500
59152944,Vancouver,355,0,260
59152946,Vancouver,585,0,240
59152947,New Westminster,465,0,160
59153710,Surrey,255,0,150
59153705,Richmond,225,0,535
59151520,Coquitlam,340,0,395
59153711,Surrey,255,0,220
59153706,Richmond,375,5,515
59153712,Surrey,285,0,155
59153713,Surrey,450,0,255
59153714,Surrey,335,0,325
59151621,Port Moody,370,0,25
59153872,Langley,700,0,210
59151622,Port Moody,430,0,20
59151624,Greater Vancouver A,x,x,x
59151625,Port Moody,960,0,90
59153873,Langley,625,0,145
59153666,Bowen Island,895,0,15
59153874,Langley,680,0,90
59153716,Surrey,800,0,305
59153875,Langley,220,0,40
59153670,Vancouver,505,0,155
59153717,Surrey,360,0,205
59153671,Vancouver,335,0,70
59153715,Surrey,895,0,410
59153672,Vancouver,540,0,90
59153674,Vancouver,490,0,95
59153673,Vancouver,565,0,85
59153718,Surrey,205,0,270
59153719,Surrey,240,0,180
59153720,Surrey,215,0,240
59153722,Surrey,315,0,40
59153721,Surrey,790,0,230
59151394,Burnaby,420,0,315
59153675,Vancouver,565,0,125
59153764,Langley,575,0,20
59152955,New Westminster,775,0,145
59153765,Langley,350,0,60
59153667,Bowen Island,490,0,10
59153766,Langley,410,0,50
59153669,Vancouver,280,0,45
59153723,Surrey,275,0,35
59153726,Surrey,2360,0,445
59153724,Surrey,350,0,65
59152956,New Westminster,295,0,75
59153725,Surrey,325,0,65
59153768,Langley,490,0,20
59151496,Burnaby,415,0,135
59153769,Langley,475,0,25
59153767,Langley,455,0,45
59153770,Langley,460,0,20
59151495,Burnaby,370,0,135
59151611,Port Moody,550,0,60
59151612,Port Moody,585,0,110
59152957,New Westminster,470,0,50
59151613,Port Moody,260,0,45
59151617,Port Moody,590,0,130
59151614,Port Moody,430,0,45
59151405,Burnaby,820,0,215
59153730,Surrey,2100,0,295
59153731,Greater Vancouver A,110,0,10
59153732,Barnston Island 3,F,F,F
59153734,Surrey,460,0,240
59153728,Surrey,4265,0,390
59153729,Surrey,2555,5,350
59153735,Surrey,1805,0,2180
59153733,Surrey,820,0,300
59153736,Surrey,860,0,1145
59153771,Langley,525,0,10
59153772,Langley,525,0,15
59151691,Port Coquitlam,420,0,70
59153773,Langley,470,0,25
59151618,Port Moody,725,0,65
59151619,Port Moody,380,0,40
59151692,Port Coquitlam,385,0,85
59153342,Richmond,575,0,545
59153344,Richmond,1060,0,285
59153351,Richmond,770,0,405
59153345,Richmond,655,0,830
59153352,Richmond,600,0,475
59153347,Pitt Meadows,1175,0,90
59152948,New Westminster,490,0,70
59153350,Richmond,1520,0,1760
59152949,New Westminster,635,0,250
59152958,New Westminster,1190,0,180
59152950,New Westminster,380,0,135
59152961,Burnaby,1085,0,310
59152951,New Westminster,280,0,35
59153774,Langley,360,0,30
59152953,New Westminster,895,0,210
59153778,Langley,895,0,85
59153775,Langley,440,0,30
59153779,Langley,460,0,15
59153776,Langley,420,0,15
59151530,Coquitlam,710,0,255
59153777,Langley,500,0,10
59151416,Vancouver,295,0,195
59151486,Vancouver,310,0,355
59151397,Burnaby,285,0,235
59151399,Burnaby,660,0,185
59151400,Burnaby,190,0,100
59151401,Burnaby,445,0,100
59151404,Burnaby,340,0,140
59152962,New Westminster,430,0,30
59151420,Vancouver,345,0,185
59152963,New Westminster,555,0,45
59151395,Burnaby,270,0,160
59151396,Burnaby,220,0,160
59151417,Vancouver,295,0,170
59151481,Vancouver,185,0,320
59153970,North Vancouver,1165,0,220
59153971,North Vancouver,675,0,125
59153967,Maple Ridge,385,0,25
59151478,Vancouver,290,0,280
59153968,Maple Ridge,455,0,35
59151479,Vancouver,295,0,345
59151487,Burnaby,715,0,580
59151480,Vancouver,215,0,235
59151488,Burnaby,435,0,215
59151492,Burnaby,440,0,255
59151490,Burnaby,350,0,240
59151406,Burnaby,3465,0,1720
59151491,Burnaby,440,0,205
59151407,Vancouver,260,0,215
59151408,Vancouver,250,0,140
59153589,Vancouver,810,0,85
59153092,Vancouver,180,0,200
59151409,Vancouver,270,0,210
59151410,Vancouver,250,0,255
59151497,Burnaby,380,0,125
59151411,Vancouver,320,0,320
59151412,Vancouver,295,0,205
59151498,Burnaby,530,0,225
59151413,Vancouver,290,0,240
59153324,Burnaby,405,0,80
59151414,Vancouver,330,0,335
59151415,Vancouver,315,0,240
59153325,Burnaby,290,0,100
59151499,Burnaby,475,0,165
59151507,Burnaby,610,0,95
59151508,Burnaby,415,0,65
59151493,Burnaby,340,0,260
59153207,Vancouver,445,0,25
59153590,Vancouver,390,0,30
59151494,Burnaby,270,0,120
59153206,Vancouver,505,0,35
59153329,West Vancouver,520,0,75
59153330,West Vancouver,350,0,120
59153331,West Vancouver,290,0,75
59153332,West Vancouver,565,0,110
59153333,West Vancouver,665,0,90
59151509,Burnaby,415,0,120
59151521,Coquitlam,185,0,135
59151522,Coquitlam,295,0,95
59153318,Burnaby,285,0,110
59151524,Coquitlam,415,0,335
59153353,Burnaby,1140,0,800
59153226,Vancouver,425,0,165
59153354,Burnaby,615,0,350
59153227,Vancouver,425,0,225
59153355,Burnaby,985,0,695
59153228,Vancouver,330,0,210
59153358,North Vancouver,1090,0,80
59153229,Vancouver,320,0,195
59153612,Delta,525,0,25
59151915,Surrey,450,0,125
59152275,Surrey,1405,0,1275
59151916,Surrey,360,0,185
59151917,Surrey,395,0,115
59153607,Delta,565,0,175
59151919,Surrey,535,0,190
59153614,Delta,390,0,10
59151920,Surrey,370,0,200
59151912,Surrey,470,0,140
59153613,Delta,735,0,35
59151913,Surrey,310,0,80
59151914,Surrey,360,0,95
59153610,Delta,410,0,15
59153359,North Vancouver,990,0,50
59153361,Surrey,760,0,615
59153611,Delta,605,0,25
59151694,Port Coquitlam,845,0,130
59152277,Surrey,145,0,480
59153940,Langley,370,0,25
59151686,Port Coquitlam,450,0,85
59151687,Port Coquitlam,330,0,95
59151688,Port Coquitlam,625,0,175
59151690,Port Coquitlam,470,0,125
59152276,Surrey,925,0,480
59152273,Delta,575,0,210
59152270,Delta,545,0,145
59152271,Delta,300,0,100
59152272,Delta,130,0,65
59152274,Delta,410,0,160
59153071,Burnaby,320,0,210
59152278,Surrey,110,0,325
59153078,Vancouver,335,0,295
59153072,Burnaby,425,0,480
59153079,Vancouver,300,0,225
59153073,Burnaby,465,0,360
59153080,Vancouver,275,0,225
59153074,Burnaby,330,0,270
59153081,Vancouver,225,0,125
59153075,Vancouver,215,0,170
59153083,Vancouver,210,0,115
59153076,Vancouver,120,0,95
59153084,Vancouver,210,0,350
59151696,Port Coquitlam,1430,0,495
59151698,Port Coquitlam,550,0,20
59151702,Port Coquitlam,410,0,15
59151704,Port Coquitlam,420,0,50
59151699,Port Coquitlam,310,0,15
59151705,Port Coquitlam,520,0,45
59151700,Port Coquitlam,385,0,35
59151706,Port Coquitlam,290,0,30
59151701,Port Coquitlam,305,0,15
59153097,Vancouver,515,0,415
59153435,Langley,545,0,10
59153111,Richmond,235,0,340
59153098,Vancouver,255,0,215
59153106,Richmond,265,0,295
59153099,Richmond,335,0,180
59153107,Richmond,310,0,450
59153102,Richmond,315,0,185
59153110,Richmond,200,0,245
59153103,Richmond,155,0,120
59153093,Vancouver,230,0,310
59153086,Vancouver,215,0,360
59153094,Vancouver,215,0,200
59153095,Vancouver,220,0,250
59153088,Vancouver,305,0,255
59153096,Vancouver,270,0,260
59153089,Vancouver,300,0,300
59153091,Vancouver,205,0,320
59153215,Vancouver,510,0,255
59153208,Vancouver,540,0,30
59153216,Vancouver,530,0,245
59153210,Vancouver,380,0,100
59153217,Vancouver,330,0,160
59153211,Vancouver,325,0,110
59153113,Richmond,480,0,685
59153212,Vancouver,320,0,90
59153114,Richmond,185,0,165
59153121,Richmond,810,0,255
59153123,Vancouver,510,0,30
59153124,Vancouver,295,0,20
59153132,Vancouver,1195,0,125
59153133,Vancouver,625,0,70
59153230,Vancouver,465,0,270
59153213,Vancouver,400,0,135
59153231,Vancouver,440,0,20
59153240,Mission 1,575,0,0
59153234,North Vancouver,630,0,130
59153241,North Vancouver,1165,0,340
59153235,North Vancouver,965,0,215
59153236,North Vancouver,355,0,55
59153237,North Vancouver,635,0,120
59153506,Surrey,805,0,180
59153238,North Vancouver,345,0,50
59153239,North Vancouver,575,0,165
59153221,Vancouver,420,0,170
59153218,Vancouver,380,0,110
59153608,Delta,425,0,65
59153222,Vancouver,395,0,215
59153812,Vancouver,265,0,175
59153223,Vancouver,390,0,75
59153225,Vancouver,345,0,195
59153250,Vancouver,215,0,140
59153575,North Vancouver,510,0,110
59153249,Vancouver,385,0,165
59153251,Vancouver,345,0,160
59153583,Vancouver,680,0,250
59153252,Vancouver,475,0,115
59153253,Vancouver,340,0,80
59153254,Vancouver,305,0,90
59153618,Richmond,425,0,90
59153616,Richmond,690,0,200
59153617,Richmond,280,0,175
59153619,Richmond,310,0,475
59153821,Vancouver,270,0,140
59153825,Vancouver,340,0,270
59153826,Vancouver,370,0,115
59153814,Vancouver,170,0,160
59153831,Vancouver,285,0,220
59153815,Vancouver,330,0,290
59152279,Surrey,445,0,235
59152281,Surrey,415,0,70
59153818,Vancouver,425,0,295
59152288,Surrey,580,0,230
59152282,Surrey,420,0,75
59152497,Langley,990,0,20
59152283,Surrey,205,0,55
59153621,Richmond,220,0,415
59152284,Surrey,810,0,260
59152285,Delta,485,0,180
59153622,Richmond,255,0,310
59153591,Vancouver,770,0,55
59153436,Langley,605,0,85
59153854,Langley,265,0,40
59153437,Langley,655,0,60
59153857,Langley,2295,0,575
59153438,Langley,290,0,20
59153858,Langley,1355,0,280
59153439,Langley,1240,0,140
59153859,Langley,775,0,280
59153446,Port Coquitlam,570,0,85
59153440,Maple Ridge,640,0,55
59152499,Langley,640,0,20
59153441,Maple Ridge,665,0,105
59153443,Maple Ridge,360,0,35
59153444,Surrey,680,0,1765
59152500,Langley,575,0,15
59153445,Surrey,90,0,255
59152498,Langley,395,0,5
59152501,Langley,635,0,50
59153504,Surrey,485,0,215
59153502,Coquitlam,340,0,200
59153507,Surrey,790,0,100
59153503,Surrey,490,0,480
59153508,Surrey,1180,0,500
59153511,Surrey,420,0,65
59153510,Surrey,3105,0,375
59153512,Surrey,635,0,30
59153451,Richmond,410,0,360
59153447,Port Coquitlam,395,0,65
59153452,Richmond,680,0,115
59153450,Richmond,250,0,245
59153453,Richmond,480,0,75
59153524,New Westminster,1020,0,380
59153454,Surrey,315,0,300
59153455,Surrey,240,0,245
59153528,Richmond,1170,0,2515
59153520,Surrey,780,0,775
59153529,Richmond,620,0,1390
59153523,New Westminster,340,0,240
59153288,Vancouver,280,0,425
59153530,Richmond,155,0,480
59153531,Surrey,1010,0,520
59153532,Surrey,390,0,175
59153515,Surrey,1305,0,140
59153514,Maple Ridge,1870,0,130
59153289,Vancouver,170,0,415
59153517,Surrey,490,0,40
59153518,Surrey,1225,0,150
59153519,Surrey,650,0,100
59153578,Vancouver,670,0,10
59153576,North Vancouver,265,0,65
59153577,Seymour Creek 2,x,x,x
59153516,Surrey,505,0,95
59153580,Vancouver,655,0,30
59153584,Vancouver,1450,0,155
59153585,Vancouver,550,0,100
59153534,North Vancouver,560,0,15
59153290,Vancouver,275,0,380
59153537,Delta,995,0,60
59153533,North Vancouver,970,0,70
59153593,Belcarra,590,0,40
59153535,Surrey,940,0,270
59153594,Greater Vancouver A,x,x,x
59153205,Vancouver,360,0,40
59153592,Anmore,1160,0,150
59153586,Vancouver,945,0,150
59153587,Vancouver,595,0,125
59153763,Langley,430,0,5
59153588,Vancouver,805,0,90
59153832,Vancouver,1440,0,1400
59153834,Vancouver,2660,0,825
59153833,Vancouver,280,0,70
59153835,Vancouver,235,0,50
59153836,Vancouver,195,0,30
59153845,Vancouver,2105,0,630
59153838,Vancouver,245,0,100
59153846,Vancouver,1630,0,285
59153839,Vancouver,1065,0,210
59153847,Vancouver,980,0,190
59153843,Vancouver,1615,0,360
59153849,Vancouver,670,10,110
59153595,Anmore,695,0,120
59153851,Vancouver,260,0,90
59153852,Vancouver,845,5,155
59153596,Port Moody,555,0,100
59153871,Langley,335,0,55
59153597,Port Moody,370,0,175
59153598,Port Moody,1565,0,445
59153861,Langley,1040,0,115
59153860,Langley,475,0,30
59151607,Coquitlam,650,0,125
59153862,Langley,380,0,100
59153865,Langley,4120,0,800
59153864,Langley,740,0,60
59153866,Langley,1045,0,285
59152514,Langley,435,0,30
59153868,Langley,895,0,145
59153869,Langley,255,0,90
59153921,Richmond,475,0,470
59151609,Coquitlam,555,0,125
59152515,Langley,815,0,20
59151602,Coquitlam,795,0,75
59151603,Port Moody,405,0,55
59151605,Port Moody,750,0,75
59151606,Coquitlam,470,0,120
59152502,Langley,895,0,70
59152507,Langley,425,0,45
59152510,Langley,370,0,35
59151610,Port Moody,415,0,150
59152512,Langley,575,0,25
59153882,West Vancouver,700,0,435
59152516,Langley,410,0,10
59153887,Coquitlam,460,0,150
59153888,Coquitlam,655,0,225
59152517,Langley,500,0,55
59152518,Langley,450,0,10
59153890,Coquitlam,275,0,315
59153883,West Vancouver,190,0,290
59153893,Surrey,315,0,285
59153886,Coquitlam,490,0,165
59153894,Surrey,325,0,135
59151647,Coquitlam,505,0,255
59153895,Surrey,380,0,120
59151649,Coquitlam,455,0,140
59151650,Coquitlam,635,0,265
59152916,Burnaby,350,0,135
59153676,Vancouver,710,0,105
59152917,Burnaby,345,0,115
59152918,Burnaby,255,0,195
59152919,Burnaby,360,0,275
59152920,Burnaby,450,0,335
59153696,Burnaby,670,0,150
59152915,Burnaby,365,0,105
59153698,Burnaby,465,0,90
59152921,New Westminster,385,0,80
59153697,Burnaby,1470,0,310
59153699,Burnaby,435,0,65
59151592,Coquitlam,370,0,30
59153678,Vancouver,430,0,135
59153287,Vancouver,255,0,405
59153686,Vancouver,800,0,55
59153679,Vancouver,590,0,55
59153687,Vancouver,545,0,50
59153681,Vancouver,785,0,135
59153688,Vancouver,625,0,40
59151594,Coquitlam,455,0,135
59153682,Vancouver,545,0,125
59153689,Vancouver,700,0,80
59153691,Vancouver,415,0,65
59151593,Coquitlam,300,0,55
59153690,Vancouver,440,0,20
59151595,Coquitlam,455,0,55
59153692,Vancouver,1180,0,165
59153700,Burnaby,275,0,85
59153693,Burnaby,220,0,185
59153694,Burnaby,310,0,145
59153701,Richmond,495,0,955
59153739,Surrey,470,0,540
59153702,Richmond,325,0,515
59153703,Richmond,825,0,1695
59153749,Maple Ridge,385,0,15
59153704,Richmond,295,0,430
59153754,McMillan Island 6,95,0,0
59153756,Langley,430,0,0
59153751,Maple Ridge,560,0,25
59153752,Langley 5,x,x,x
59153757,Langley,570,0,15
59153758,Langley,665,0,10
59151587,Coquitlam,420,0,140
59151597,Coquitlam,490,0,45
59151569,Coquitlam,340,0,125
59151588,Coquitlam,465,0,105
59153740,Surrey,2920,0,285
59153744,Maple Ridge,1925,0,175
59153741,Surrey,1640,0,285
59153745,Maple Ridge,425,0,30
59153742,Surrey,690,0,250
59153746,Maple Ridge,425,0,15
59153743,Surrey,375,0,85
59151590,Coquitlam,405,0,80
59151589,Coquitlam,380,0,135
59151591,Coquitlam,445,0,50
59153762,Langley,525,0,55
59153747,Maple Ridge,410,0,30
59151448,Vancouver,330,0,265
59151449,Vancouver,240,0,245
59151475,Vancouver,365,0,320
59151450,Vancouver,325,0,290
59151476,Vancouver,355,0,305
59151598,Coquitlam,330,0,50
59151477,Vancouver,380,0,355
59151599,Coquitlam,385,0,25
59153920,Surrey,365,0,540
59151600,Port Moody,560,0,105
59151601,Port Moody,350,0,85
59153308,Vancouver,400,0,240
59153309,Burnaby,530,0,170
59153922,Richmond,380,0,355
59153924,Surrey,590,0,440
59153919,Surrey,320,0,375
59151570,Coquitlam,390,0,210
59151571,Coquitlam,415,0,145
59153286,Vancouver,160,0,210
59151572,Coquitlam,x,x,x
59153291,Vancouver,230,0,370
59151573,Coquitlam,680,0,105
59151575,Coquitlam,380,0,60
59153311,Burnaby,510,0,75
59153312,Burnaby,430,0,80
59153314,Burnaby,450,0,110
59153315,Burnaby,365,0,105
59153317,Burnaby,425,0,165
59152924,New Westminster,275,0,135
59151576,Coquitlam,385,0,70
59152925,New Westminster,400,0,65
59151578,Coquitlam,210,0,200
59152926,Burnaby,250,0,135
59153280,Vancouver,360,0,205
59152928,Burnaby,410,0,230
59153281,Vancouver,295,0,240
59152929,New Westminster,500,0,100
59153283,Vancouver,190,0,330
59152930,New Westminster,530,0,75
59153284,Vancouver,185,0,320
59152931,New Westminster,470,0,95
59153285,Vancouver,235,0,290
59152936,New Westminster,385,0,145
59152932,New Westminster,460,0,85
59152933,New Westminster,515,0,125
59151905,Surrey,470,0,180
59151906,Surrey,345,0,170
59153925,Surrey,760,0,285
59152934,New Westminster,320,0,105
59152935,New Westminster,460,0,150
59151535,Coquitlam,310,0,100
59153932,Surrey,560,0,100
59153926,Surrey,930,0,250
59153935,Surrey,500,0,130
59153927,Surrey,730,0,90
59153936,Surrey,220,0,180
59153929,Surrey,625,0,110
59151536,Coquitlam,655,0,235
59153930,Surrey,540,0,135
59151538,Coquitlam,530,0,135
59151542,Coquitlam,505,0,145
59153931,Surrey,1040,0,240
59151555,Coquitlam,375,0,215
59151531,Coquitlam,480,0,170
59151557,Coquitlam,390,0,110
59151532,Coquitlam,465,0,190
59151559,Coquitlam,530,0,445
59151534,Coquitlam,310,0,115
59151560,Coquitlam,295,0,105
59151653,Coquitlam,635,0,240
59151651,Coquitlam,655,0,885
59151662,Coquitlam,1030,0,470
59151654,Coquitlam,215,0,80
59151663,Coquitlam,295,0,95
59151655,Coquitlam,370,0,110
59153390,Surrey,1120,0,240
59151658,Coquitlam,290,0,85
59151664,Coquitlam,390,0,85
59151659,Coquitlam,310,0,120
59153388,Surrey,770,0,425
59151660,Coquitlam,315,0,180
59151661,Coquitlam,240,0,120
59153389,Surrey,610,0,1155
59153957,Port Moody,180,0,0
59151908,Surrey,445,0,80
59151626,Port Moody,465,0,50
59151911,Surrey,580,0,130
59151636,Coquitlam,185,0,55
59153958,Port Moody,280,0,60
59153962,Port Moody,675,0,85
59151635,Coquitlam,570,0,120
59151637,Coquitlam,520,0,215
59153965,North Vancouver,310,0,50
59151638,Coquitlam,345,0,170
59151641,Coquitlam,465,0,265
59151457,Vancouver,205,0,210
59151642,Coquitlam,330,0,285
59151643,Coquitlam,345,0,260
59151645,Coquitlam,275,0,210
59151646,Coquitlam,225,0,140
59153363,New Westminster,3325,0,880
59153362,Surrey,1105,0,665
59153367,Surrey,455,0,695
59153944,Langley,295,0,15
59153950,Richmond,205,0,380
59153952,Pitt Meadows,365,0,15
59153953,Pitt Meadows,585,0,45
59153945,Richmond,325,0,250
59153053,Coquitlam,270,0,55
59153054,Coquitlam,425,5,150
59153946,Richmond,315,0,370
59151461,Vancouver,240,0,310
59151463,Vancouver,205,0,195
59153948,Richmond,520,0,1160
59153956,Vancouver,795,0,115
59151464,Vancouver,250,0,150
59151451,Vancouver,280,0,225
59151452,Vancouver,310,0,170
59153942,Langley,1280,0,20
59151453,Vancouver,295,0,260
59151454,Vancouver,250,0,210
59151456,Vancouver,320,0,315
59153943,Langley,805,0,35
59151465,Vancouver,210,0,195
59151425,Vancouver,375,0,145
59151467,Vancouver,320,0,150
59153305,Vancouver,295,0,355
59151469,Vancouver,285,0,315
59151474,Vancouver,255,0,310
59151470,Vancouver,395,0,215
59151471,Vancouver,285,0,290
59151472,Vancouver,225,0,285
59153181,Vancouver,220,5,60
59151473,Vancouver,255,0,355
59151427,Vancouver,405,0,125
59151666,Coquitlam,470,0,85
59151428,Vancouver,400,0,95
59151432,Vancouver,345,0,225
59151667,Coquitlam,900,0,205
59151434,Vancouver,385,0,80
59151440,Vancouver,270,0,180
59151435,Vancouver,495,0,35
59151436,Vancouver,370,0,90
59151437,Vancouver,340,0,60
59151439,Vancouver,330,0,120
59151442,Vancouver,280,0,200
59151443,Vancouver,215,0,220
59151445,Burnaby,245,0,175
59151444,Vancouver,430,0,345
59153295,Vancouver,260,0,280
59153256,Vancouver,485,0,25
59153296,Vancouver,210,0,270
59153292,Vancouver,310,0,310
59153297,Vancouver,395,0,500
59153294,Vancouver,265,0,325
59153298,Vancouver,270,0,275
59153299,Vancouver,225,0,230
59153306,Vancouver,350,0,385
59153300,Vancouver,195,0,245
59151890,Surrey,375,0,205
59151891,Surrey,345,0,165
59153301,Vancouver,155,0,245
59151892,Surrey,395,0,295
59151893,Surrey,225,0,155
59153303,Vancouver,225,0,225
59151897,Surrey,315,0,115
59151898,Surrey,705,0,505
59153304,Vancouver,300,0,270
59151899,Surrey,715,0,440
59151668,Port Coquitlam,420,0,30
59151679,Port Coquitlam,325,0,145
59151669,Port Coquitlam,490,0,80
59151681,Port Coquitlam,455,0,160
59151671,Port Coquitlam,420,0,95
59151682,Port Coquitlam,535,0,150
59151683,Port Coquitlam,690,0,115
59151673,Port Coquitlam,430,0,55
59153265,Vancouver,270,0,270
59151674,Port Coquitlam,465,0,105
59151676,Port Coquitlam,535,0,45
59151685,Port Coquitlam,410,0,150
59151678,Port Coquitlam,355,0,60
59153261,Vancouver,385,0,210
59153264,Vancouver,185,0,250
59153262,Vancouver,450,0,350
59153263,Vancouver,130,0,85
59153266,Vancouver,280,0,465
59153267,Vancouver,325,0,255
59153268,Vancouver,220,0,215
59153269,Vancouver,165,0,150
59153270,Vancouver,190,0,245
59153271,Vancouver,210,0,215
59153272,Vancouver,225,0,215
59153273,Vancouver,285,0,290
59153274,Vancouver,375,0,305
59153257,Vancouver,530,0,35
59153275,Vancouver,430,0,125
59153369,Coquitlam,955,0,260
59153277,Vancouver,210,0,150
59153371,Vancouver,715,0,135
59151900,Surrey,375,0,80
59153278,Vancouver,210,0,190
59151901,Surrey,390,0,60
59151902,Surrey,340,0,130
59153279,Vancouver,195,0,245
59152256,Delta,400,0,25
59151903,Surrey,495,0,135
59152251,Surrey,955,0,190
59152257,Delta,475,0,35
59152254,Surrey,420,0,110
59153055,Coquitlam,750,0,140
59152255,Surrey,1055,0,270
59153057,Coquitlam,250,0,400
59153063,Coquitlam,435,0,85
59153058,Coquitlam,360,0,80
59153625,Richmond,240,0,290
59153059,Coquitlam,625,0,145
59153060,Coquitlam,470,0,65
59153375,Surrey,1265,0,275
59153376,Surrey,255,0,205
59153626,Richmond,295,0,350
59153062,Coquitlam,730,0,125
59153372,Vancouver,885,0,60
59153378,Burnaby,825,0,575
59153627,Richmond,185,0,180
59153380,Coquitlam,770,0,360
59153382,Burnaby,1060,0,270
59153624,Richmond,215,0,215
59153383,Burnaby,450,0,680
59153064,Coquitlam,310,0,70
59153385,Burnaby,570,0,370
59153066,Coquitlam,355,0,265
59153386,Surrey,685,0,440
59153069,Burnaby,475,0,395
59153479,Vancouver,670,0,275
59153070,Burnaby,265,0,125
59153190,Vancouver,530,0,75
59153484,Richmond,245,0,330
59153194,Vancouver,290,0,35
59153184,Vancouver,350,0,255
59153195,Vancouver,315,0,50
59153185,Vancouver,305,0,95
59153051,Coquitlam,345,0,75
59153186,Vancouver,405,0,60
59153188,Vancouver,5,0,95
59153189,Vancouver,435,0,80
59151707,Coquitlam,215,0,25
59153041,Port Coquitlam,765,0,180
59151708,Coquitlam,3645,0,2020
59153040,Port Coquitlam,1420,0,405
59153042,Port Coquitlam,190,0,85
59153045,Port Moody,505,0,100
59153155,Vancouver,430,0,35
59153049,Port Moody,725,0,35
59153197,Vancouver,500,0,25
59153198,Vancouver,435,5,60
59153142,Vancouver,445,0,40
59153199,Vancouver,370,0,60
59153561,Port Coquitlam,770,0,50
59153156,Vancouver,335,0,10
59153200,Vancouver,475,0,75
59153201,Vancouver,495,0,80
59153202,Vancouver,385,0,70
59153603,Delta,540,0,15
59153203,Vancouver,390,0,100
59153413,Port Moody,825,0,120
59153146,Vancouver,7135,0,1040
59153414,Port Moody,220,0,5
59153157,Vancouver,535,0,25
59153145,Vancouver,520,0,50
59153159,Vancouver,615,0,20
59153151,Vancouver,580,0,40
59153161,Vancouver,495,0,30
59153167,Vancouver,515,0,75
59153162,Vancouver,450,0,40
59153168,Vancouver,765,0,235
59153163,Vancouver,390,0,20
59153171,Vancouver,655,0,65
59153164,Vancouver,1530,0,40
59153539,Vancouver,750,0,210
59153165,Vancouver,425,0,60
59153604,Musqueam 4,x,x,x
59153166,Vancouver,935,0,110
59153606,Delta,285,0,30
59153791,Langley,200,0,15
59153789,Langley,400,0,25
59153790,Langley,345,0,15
59153792,Langley,410,0,105
59152264,Delta,420,0,90
59153794,Richmond,880,0,115
59152258,Delta,395,0,55
59152259,Delta,1685,0,840
59153490,Vancouver,755,0,320
59152260,Delta,390,0,15
59153416,Port Moody,865,0,255
59152265,Delta,545,0,175
59153417,Coquitlam,265,0,325
59152267,Delta,365,0,55
59152268,Delta,505,0,125
59153418,Coquitlam,260,0,250
59153415,Port Moody,315,0,105
59153419,Surrey,485,0,400
59153491,Vancouver,810,0,150
59153420,Surrey,375,0,295
59153430,Surrey,205,0,245
59153422,Surrey,195,0,210
59153431,Surrey,330,0,370
59153423,Surrey,460,0,330
59153432,Langley,345,0,25
59153424,Surrey,490,0,340
59153433,Langley,780,0,20
59153426,Surrey,225,0,505
59152269,Delta,400,0,60
59153429,Surrey,605,0,680
59152479,Maple Ridge,650,0,70
59153599,Port Moody,2270,0,775
59153600,Port Moody,345,0,85
59152478,Maple Ridge,390,0,10
59153601,Port Moody,415,0,30
59152482,Maple Ridge,225,0,15
59153780,Langley,450,0,25
59153485,Richmond,265,0,425
59153602,Richmond,750,0,30
59153489,Richmond,35,0,0
59153486,Richmond,745,0,1175
59153781,Langley,410,0,10
59153782,Langley,415,0,20
59152480,Maple Ridge,1175,0,65
59153493,Burnaby,105,0,270
59152481,Maple Ridge,445,0,25
59153487,Richmond,120,0,105
59153629,Richmond,375,0,270
59153628,Richmond,260,0,205
59153631,Richmond,350,0,325
59153630,Richmond,210,0,165
59153632,Richmond,1195,0,745
59153633,Burnaby,425,0,260
59153879,Richmond,190,0,115
59153499,Vancouver,515,0,480
59153634,Burnaby,395,0,135
59153881,West Vancouver,185,0,240
59153635,Burnaby,260,0,120
59153636,Burnaby,375,0,155
59153495,Burnaby,275,0,515
59153496,Burnaby,135,0,410
59153639,Burnaby,270,0,265
59153497,Burnaby,210,0,255
59153877,Langley,425,0,15
59153498,Vancouver,335,0,285
59153878,Richmond,170,0,195
59153562,Vancouver,275,0,100
59153695,Burnaby,1840,0,1345
59153563,Surrey,325,0,85
59153565,Surrey,3665,0,700
59153567,Lions Bay,850,0,60
59153566,Port Coquitlam,500,0,90
59153568,Lions Bay,375,0,25
59151567,Coquitlam,325,0,145
59153570,North Vancouver,1070,0,145
59153463,West Vancouver,35,0,10
59153464,Vancouver,1310,0,265
59153474,Vancouver,570,0,255
59153457,Delta,1930,0,385
59153459,Langley,530,0,70
59153476,Vancouver,445,0,210
59153461,West Vancouver,1460,0,235
59153456,Delta,565,0,195
59153466,Vancouver,420,0,145
59153467,Vancouver,740,0,160
59153469,Vancouver,645,0,315
59153470,Vancouver,570,0,180
59153471,Vancouver,970,0,270
59153472,Vancouver,355,0,70
59153473,Vancouver,325,0,120
59153748,Maple Ridge,525,0,10
59153573,North Vancouver,415,0,40
59153574,Seymour Creek 2,115,0,0
59153795,Richmond,595,0,145
59153800,Vancouver,180,0,190
59153796,Richmond,530,0,230
59153801,Vancouver,160,0,165
59153797,Richmond,1050,0,175
59153798,Richmond,950,0,120
59153805,Vancouver,280,0,330
59153799,Vancouver,140,0,115
59153806,Vancouver,240,0,250
59153807,Vancouver,175,0,160
59153546,Langley,360,0,15
59153557,Surrey,715,0,390
59153558,Surrey,690,0,320
59153660,New Westminster,930,0,150
59153542,Langley,830,0,45
59153541,Langley,810,0,160
59153540,Vancouver,425,0,120
59153543,Langley,230,0,40
59153552,Vancouver,650,0,220
59153545,Langley,455,0,45
59153547,Langley,1180,0,50
59153553,Vancouver,370,0,150
59153548,Coquitlam,1435,0,790
59153554,Pitt Meadows,1455,0,105
59153549,Coquitlam,40,0,50
59153555,Burnaby,530,0,835
59153551,Richmond,1230,0,1205
59153556,Burnaby,355,0,420
59153737,Surrey,580,0,370
59151580,Coquitlam,735,0,120
59151581,Coquitlam,435,0,70
59153738,Surrey,620,0,585
59151583,Coquitlam,430,0,90
59151585,Coquitlam,470,0,120
59153810,Vancouver,130,0,170
59152494,Langley,465,0,5
59151579,Coquitlam,605,0,195
59152495,Langley,410,0,5
59152491,Langley,540,0,75
59152483,Maple Ridge,770,0,60
59152492,Langley,335,0,15
59153917,Surrey,615,0,305
59151568,Coquitlam,445,0,195
59152496,Langley,620,0,0
59153918,Surrey,340,0,120
59153661,New Westminster,415,0,110
59153786,Langley,475,0,45
59153663,Bowen Island,845,0,10
59153665,Bowen Island,1085,0,20
59151561,Coquitlam,395,0,165
59153788,Langley,485,0,70
59153783,Langley,415,0,25
59151562,Coquitlam,290,0,135
59151566,Coquitlam,815,0,495
59153784,Langley,540,0,15
59151563,Coquitlam,255,0,250
59151564,Coquitlam,355,0,195
59151565,Coquitlam,420,0,420
59153785,Langley,370,0,75
59153993,Maple Ridge,525,0,55
59153973,White Rock,530,0,65
59153995,Vancouver,120,0,60
59153974,Maple Ridge,735,0,65
59153994,Vancouver,370,0,190
59153996,Vancouver,540,0,185
59154033,Greater Vancouver A,1060,0,1005
59153982,Maple Ridge,1630,0,145
59154034,Greater Vancouver A,385,0,595
59154035,Greater Vancouver A,245,0,255
59154044,Coquitlam,415,0,95
59154046,Coquitlam,390,0,120
59154045,Coquitlam,400,0,75
59154048,Coquitlam,430,0,200
59153978,Maple Ridge,720,0,65
59153989,Vancouver,385,0,90
59153985,Port Coquitlam,370,0,80
59153986,Vancouver,900,0,280
59153987,Vancouver,855,0,385
59153983,Maple Ridge,1220,0,90
59153975,Maple Ridge,640,0,60
59153977,Maple Ridge,575,0,35
59153979,Maple Ridge,695,0,55
59153976,Maple Ridge,1660,0,125
59153980,Greater Vancouver A,885,0,810
59153984,Port Coquitlam,2220,0,470
59153981,Greater Vancouver A,875,0,540
59153997,Vancouver,460,0,425
59153998,Maple Ridge,860,0,95
59153990,Vancouver,565,0,105
59153999,Maple Ridge,1875,0,90
59153992,Maple Ridge,770,0,45
59154049,Coquitlam,480,0,205
59154000,Vancouver,1235,0,325
59154001,Vancouver,3345,0,975
59154038,Coquitlam,760,0,95
59154002,Vancouver,960,0,215
59154039,Coquitlam,505,0,60
59154036,Greater Vancouver A,610,0,540
59154041,Coquitlam,390,0,55
59154042,Coquitlam,315,0,155
59154053,Capilano 5,245,0,190
59154050,Coquitlam,480,0,135
59154052,Port Moody,875,0,170
59154054,Capilano 5,260,0,305
59154055,Matsqui 4,380,0,0
59154019,Coquitlam,920,0,675
59154056,Matsqui 4,85,0,0
59154020,Surrey,2945,0,360
59154004,Port Moody,1375,0,415
59154005,Port Moody,305,0,35
59154030,Burnaby,460,0,150
59154023,Surrey,210,0,50
59154024,Surrey,2495,0,990
59154032,Burnaby,1625,0,915
59154025,Surrey,605,0,255
59154027,Vancouver,1020,0,300
59154007,Port Moody,765,0,80
59154029,Burnaby,355,0,105
59154031,Burnaby,710,0,410
59154008,Surrey,350,0,130
59154009,Surrey,355,0,75
59154014,Capilano 5,365,5,300
59154010,Surrey,520,0,130
59154006,Port Moody,615,0,80
59154011,Surrey,325,0,55
59154012,Musqueam 2,475,0,100
59154015,Capilano 5,1065,0,5
59154013,Musqueam 2,365,0,20
59154016,Tsawwassen,390,0,15
59154017,Tsawwassen,365,0,30
59154018,Coquitlam,370,0,385
